network,nodes,edges,real rand auc,real attack auc,fin theory rand auc,fin theory attack auc
10_19.adj,10,20,0.8056309523809523,0.7978714988018979,0.5798809523809524,0.526035510375172
birdtrade_a.adj,42,68,0.6228778396377654,0.6380719383846004,0.18725159175549347,0.25940838085466367
birdtrade_b.adj,39,53,0.5857835825246366,0.5729456876993011,0.19857776357214424,0.23022924824957622
