,0,1,2,3
0,10_19.adj,10,0.4444444444444444,0.21590661095238106
1,birdtrade_a.adj,42,0.07897793263646923,0.4500300475708713
2,birdtrade_b.adj,39,0.07152496626180836,0.3744207459960249
3,birdtrade_c.adj,34,0.08199643493761141,0.3776825746553365
4,dolphin.adj,62,0.08408249603384453,0.4373893310126996
5,drugspider_chloralhydrate.adj,52,0.048265460030165915,0.30257548757797476
6,earth_moon_mars.adj,16,0.475,0.3881027397324204
7,east_europe_rr.adj,45,0.09191919191919191,0.30212691148197973
8,farmer.adj,80,0.024367088607594938,0.2634989314555556
9,frozen.adj,52,0.032428355957767725,0.2341099096174977
10,game_of_thrones.adj,79,0.038299253489126904,0.44006748371696414
11,grape.adj,54,0.055904961565338925,0.45221920768299434
12,hiv.adj,40,0.052564102564102565,0.2937739703887094
13,iceland.adj,75,0.04108108108108108,0.4678230754457416
14,karate.adj,34,0.13903743315508021,0.5290025545545793
15,latora_kindergarden.adj,16,0.325,0.3400006372716868
16,levi_strauss_myth1.adj,27,0.09971509971509972,0.3429644964896041
17,lrock.adj,92,0.22933588150979456,0.5593520986186593
18,madrid_terrorist.adj,64,0.12053571428571429,0.6104295759407368
19,morrissey_godparent.adj,43,0.048726467331118496,0.3334119405288973
20,mouse_visual_cortex1.adj,29,0.10837438423645321,0.3741617232202773
21,nuclear.adj,47,0.0841813135985199,0.4167370735121881
22,pdist.adj,76,0.03368421052631579,0.38482360279429106
23,pitts.adj,40,0.06666666666666667,0.2867491189621549
24,prison.adj,62,0.0449497620306716,0.4082878896698245
25,s50_1.adj,49,0.06292517006802721,0.42755992943497767
26,s50_2.adj,50,0.06612244897959184,0.4159360834986117
27,s50_3.adj,50,0.06285714285714286,0.45806448373612674
28,Sandi_authors.adj,86,0.03392612859097127,0.44678588371754907
29,sociologists.adj,28,0.082010582010582,0.3340095272146824
30,taro.adj,22,0.16883116883116883,0.33623930382022066
31,test_disconnected.adj,8,0.25,0.22345656226190488
32,tokstoy_rr.adj,30,0.06896551724137931,0.20957670937516323
33,traficking.adj,86,0.029274965800273597,0.395976762024615
34,usa.adj,49,0.09098639455782313,0.3123474724541316
35,weevil.adj,19,0.1286549707602339,0.28075729064639543
36,windsurfers.adj,43,0.37209302325581395,0.31082718158600653
37,word_of_mouth.adj,38,0.07254623044096728,0.396027113654473
38,zebra.adj,27,0.3162393162393162,0.47137573449489406
39,adelaide_tram.adj,56,0.03506493506493506,0.11510659115922466
40,athens_subway.adj,61,0.033879781420765025,0.2492386410422891
41,athens_tram.adj,49,0.04251700680272109,0.184175313229692
42,bordeaux_ferry.adj,5,0.6,0.07690044466666683
43,brisbane_ferry.adj,31,0.07526881720430108,0.25600738682133095
44,helsinki_rail.adj,75,0.0363963963963964,0.3653485850343124
45,helsinki_subway.adj,19,0.11695906432748537,0.2598882198834775
46,lisbon_rail.adj,65,0.032692307692307694,0.28176453360635395
47,lisbon_subway.adj,50,0.04244897959183674,0.2611142047673102
48,luxembourg_rail.adj,43,0.06201550387596899,0.37532860001751966
49,rennes_subway.adj,29,0.06896551724137931,0.10971522402076074
50,sydney_ferry.adj,81,0.04506172839506173,0.47979514995483613
51,sydney_tram.adj,44,0.046511627906976744,0.2106374450610696
52,toulouse_subway.adj,40,0.04871794871794872,0.20908706040201555
53,toulouse_tram.adj,52,0.03996983408748114,0.22729671703546284
54,venice_tram.adj,70,0.02981366459627329,0.24163644308122123
55,1020clc.adj,44,0.10676532769556026,0.4099948357441107
56,11-64.adj,12,0.19696969696969696,0.18584633504569514
57,AmadMyJn12-10.adj,76,0.07473684210526316,0.4501600696459665
58,AmadMyJn12-11.adj,65,0.07788461538461539,0.42246071768834587
59,AmadMyJn12-20.adj,18,0.21568627450980393,0.407768946127083
60,AmadMyJn12-26.adj,43,0.07751937984496124,0.3454893456718367
61,AmadMyJn12-27.adj,7,0.2857142857142857,0.10164366857142886
62,AmadMyJn12-28.adj,48,0.0851063829787234,0.4471593757695997
63,AmadMyJn12-36.adj,19,0.1871345029239766,0.35233310446257243
64,AmadMyJn12-5.adj,34,0.11051693404634581,0.3801802780847424
65,AmadMyJn12-50.adj,16,0.225,0.27926669806145266
66,AmadMyJn12-51.adj,15,0.18095238095238095,0.27449620402656605
67,AmadMyJn12-6.adj,58,0.06352087114337568,0.45130473193078147
68,Amador10-25.adj,31,0.0989247311827957,0.29562049328022183
69,Amador10-26.adj,13,0.1794871794871795,0.22973900071262082
70,Amador10-27.adj,44,0.08562367864693446,0.4004545345498235
71,Amador10-28.adj,33,0.09659090909090909,0.33011198648380874
72,Amador10-29.adj,42,0.06852497096399536,0.34571456346440677
73,Amador10-30.adj,31,0.0989247311827957,0.339786579129337
74,Amador10-31.adj,27,0.1168091168091168,0.34026310089607015
75,Amador10-32.adj,7,0.3333333333333333,0.17973185380952375
76,Amador10-33.adj,15,0.1523809523809524,0.2218739043469124
77,Amador10-34.adj,40,0.10512820512820513,0.3761886652231861
78,Amador10-35.adj,34,0.0944741532976827,0.3088999213036636
79,Amador10-42.adj,11,0.18181818181818182,0.09977775326118317
80,Amador10-43.adj,4,0.8333333333333334,0.0962509225
81,Amador10-62.adj,13,0.19230769230769232,0.24343280710511733
82,Amador10-63.adj,44,0.0708245243128964,0.31666283208109003
83,BHGB10-18.adj,26,0.09538461538461539,0.26811175911344587
84,BHGB10-19.adj,24,0.12318840579710146,0.3104978452071264
85,BHGB10-20.adj,25,0.1,0.2893535459547678
86,BHGB10-21.adj,48,0.07801418439716312,0.4121886081868032
87,BHGB10-42.adj,9,0.2222222222222222,0.11453462756613764
88,BHGB11-11.adj,47,0.08880666049953746,0.3953013506939972
89,BHGB11-13.adj,46,0.07149758454106281,0.37090490455416864
90,BHGB11-25.adj,30,0.12643678160919541,0.3301850866731997
91,BHGB11-26.adj,44,0.12156448202959831,0.4241599210948896
92,BHGB11-27.adj,36,0.14126984126984127,0.39137050492344766
93,BHGB11-28.adj,25,0.11,0.2431485351791728
94,BHGB11-29.adj,41,0.12804878048780488,0.4627420810491454
95,BHGB11-30.adj,31,0.12473118279569892,0.33141995798662943
96,BHGB11-31.adj,35,0.15126050420168066,0.43523996734945875
97,BHGB11-55.adj,7,0.2857142857142857,0.08497700190476187
98,BHGB11-56.adj,14,0.26373626373626374,0.2260696509410432
99,BHGB11-57.adj,20,0.19473684210526315,0.34718451961827745
100,BHGB11-59.adj,14,0.27472527472527475,0.23701849514739232
101,CATH1.adj,84,0.04561101549053356,0.3996512239351952
102,CATH2.adj,42,0.06968641114982578,0.35623000484257455
103,CATH3.adj,40,0.0782051282051282,0.3701790866663216
104,CATH4.adj,64,0.06646825396825397,0.4475740444401154
105,CATH5.adj,53,0.07256894049346879,0.3659760344773786
106,CATH6.adj,77,0.07963089542036911,0.4863085276225564
107,CATH7.adj,42,0.0627177700348432,0.30890063699976383
108,GTNP13-01.adj,12,0.21212121212121213,0.22740349198412713
109,GTNP13-02.adj,28,0.164021164021164,0.44268153243040576
110,GTNP13-03.adj,28,0.1402116402116402,0.4093757837744211
111,GTNP13-04.adj,26,0.13538461538461538,0.3762683975248379
112,GTNP13-05.adj,20,0.1368421052631579,0.26086579526231957
113,GTNP13-06.adj,8,0.32142857142857145,0.1956978340476192
114,GTNP13-07.adj,24,0.16304347826086957,0.38336524565157903
115,GTNP13-09.adj,25,0.13,0.3588726776435744
116,GTNP13-100.adj,24,0.17028985507246377,0.3857077944558183
117,GTNP13-104.adj,13,0.1794871794871795,0.1617181326917529
118,GTNP13-105.adj,17,0.13970588235294118,0.22099747922580712
119,GTNP13-106.adj,10,0.24444444444444444,0.17442520576190493
120,GTNP13-119.adj,21,0.18095238095238095,0.33059237135754393
121,GTNP13-121.adj,34,0.13368983957219252,0.39313615284243086
122,GTNP13-16.adj,27,0.10826210826210826,0.3451470563588111
123,GTNP13-21.adj,22,0.16017316017316016,0.38647890368529525
124,GTNP13-22.adj,12,0.25757575757575757,0.18696952832010597
125,GTNP13-23.adj,13,0.23076923076923078,0.2606683626762128
126,GTNP13-24.adj,24,0.14855072463768115,0.36592604238883136
127,GTNP13-25.adj,27,0.19943019943019943,0.4192886664665818
128,GTNP13-26.adj,19,0.17543859649122806,0.3233776148370379
129,GTNP13-34.adj,28,0.15608465608465608,0.4124357809301455
130,GTNP13-35.adj,24,0.213768115942029,0.35989665553638095
131,GTNP13-36.adj,29,0.11576354679802955,0.33500144430733947
132,GTNP13-37.adj,26,0.17846153846153845,0.47195795138273433
133,GTNP13-38.adj,29,0.16748768472906403,0.4127378641392477
134,GTNP13-39.adj,20,0.2,0.34095445578566225
135,GTNP13-41.adj,13,0.19230769230769232,0.1944429081152181
136,GTNP13-42.adj,25,0.12666666666666668,0.2755125843221498
137,GTNP13-43.adj,24,0.12681159420289856,0.26377442293506564
138,GTNP13-45.adj,23,0.15810276679841898,0.2956718735723981
139,GTNP13-46.adj,13,0.16666666666666666,0.1457155604539906
140,GTNP13-69.adj,22,0.18181818181818182,0.294395773147818
141,GTNP13-70.adj,18,0.1437908496732026,0.3033213401864441
142,GTNP13-72.adj,26,0.16307692307692306,0.4197160344134059
143,GTNP13-99.adj,13,0.2692307692307692,0.33253576136308144
144,SMMJAN13TRK1.adj,18,0.3333333333333333,0.2798869565678766
145,SMMJAN13TRK10.adj,14,0.2967032967032967,0.36547302877138726
146,SMMJAN13TRK6.adj,16,0.20833333333333334,0.2805454201554001
147,SMMJAN13TRK8.adj,9,0.25,0.199358023862434
148,SMMJAN13TRK9.adj,26,0.20307692307692307,0.3600648714045271
149,TRK03-4-12.adj,8,0.35714285714285715,0.1925788033333335
150,TRK06-2-12_Triple.adj,15,0.2761904761904762,0.2901511891366413
151,TRK07-4-12.adj,6,0.4,0.201719501111111
152,TRK08-12_Triple.adj,9,0.4166666666666667,0.32791416423280434
153,TRK08-2-12_Triple.adj,8,0.4642857142857143,0.23368992083333345
154,TRK08-4-12.adj,16,0.35,0.3438051896606868
155,TRK09-2-12_Triple.adj,16,0.24166666666666667,0.4049144654263099
156,TRK09-4-12.adj,17,0.22058823529411764,0.3440425570283966
157,TRK10-12_Triple.adj,2,1.0,0.0
158,TRK10-2-12_Triple.adj,18,0.20261437908496732,0.2967559602863188
159,TRK10-4-12.adj,12,0.2878787878787879,0.27316138523088035
160,TRK11-12_Triple.adj,19,0.16374269005847952,0.31409777299124686
161,TRK11-2-12_Triple.adj,12,0.2727272727272727,0.31706882106421364
162,TRK12-12_Triple.adj,13,0.2692307692307692,0.3609295897569099
163,TRK12-2-12_Triple.adj,11,0.5454545454545454,0.27559485502164516
164,TRK13-12_Triple.adj,7,0.42857142857142855,0.1998099661904764
165,TRK13-2-12_Triple.adj,31,0.14838709677419354,0.441457780901244
166,TRK14-12_Triple.adj,12,0.3484848484848485,0.352587996550024
167,TRK14-2-12_Triple.adj,11,0.32727272727272727,0.22734440199134215
168,TRK14-4-12.adj,8,0.25,0.09801013369047634
169,TRK15a-12_Triple.adj,12,0.30303030303030304,0.26188630313492084
170,TRK15a-2-12_Triple.adj,13,0.19230769230769232,0.23177779545010563
171,TRK15b-2-12_Triple.adj,13,0.21794871794871795,0.28147676765123764
172,TRK17-12_Triple.adj,7,0.42857142857142855,0.259333775714286
173,TRK17-2-12_Triple.adj,24,0.21739130434782608,0.4009802647706662
174,TRK18-12_Triple.adj,15,0.3238095238095238,0.38415076886824295
175,TRK18-2-12_Triple.adj,22,0.13852813852813853,0.34257790818107314
176,TRK18-4-12.adj,3,0.6666666666666666,0.07818938999999998
177,TRK19-12_Triple.adj,17,0.29411764705882354,0.3242613055046263
178,TRK19-2-12_Triple.adj,19,0.27485380116959063,0.372779573392514
179,TRK19-4-12.adj,13,0.24358974358974358,0.3009617519769122
180,TRK20-12_Triple.adj,10,0.4444444444444444,0.310311372857143
181,TRK21-12_Triple.adj,15,0.17142857142857143,0.2492244706497208
182,TRK22-12_Triple.adj,15,0.21904761904761905,0.30499984770422184
183,TRK22-4-12.adj,28,0.15608465608465608,0.41655484070407134
184,TRK23-12_Triple.adj,12,0.4090909090909091,0.34003271943121716
185,TRK23-2-12_Triple.adj,25,0.30333333333333334,0.45094837849962816
186,TRK24-12_Triple.adj,11,0.38181818181818183,0.2769637641702744
187,TRK24-2-12_Triple.adj,21,0.2714285714285714,0.42340870946518694
188,TRK24-4-12.adj,11,0.2545454545454545,0.29504626766233777
189,TRK25-12_Triple.adj,12,0.4090909090909091,0.365032719431217
190,TRK25-2-12_Triple.adj,10,0.26666666666666666,0.2953250384285716
191,TRK26-12_Triple.adj,28,0.1693121693121693,0.42380043195543365
192,TRK26-4-12.adj,14,0.18681318681318682,0.2786573837464125
193,TRK27-12_Triple.adj,12,0.30303030303030304,0.29707148832010616
194,TRK27-2-12_Triple.adj,6,0.4666666666666667,0.2041521077777777
195,TRK27-4-12.adj,11,0.4,0.33236752099567113
196,TRK28-2-12_Triple.adj,21,0.23333333333333334,0.3724823365124947
197,TRK29-2-12_Triple.adj,14,0.18681318681318682,0.2645090320980609
198,TRK30-2-12_Triple.adj,12,0.19696969696969696,0.14013926433862425
199,TRK30-4-12.adj,13,0.5,0.351656094828505
200,TRK31-2-12_Triple.adj,14,0.17582417582417584,0.2376045345261882
201,TRK34a-2-12_Triple.adj,24,0.11956521739130435,0.3285813440194861
202,TRK34b-2-12_Triple.adj,15,0.19047619047619047,0.28275811710348914
203,TRK35-2-12_Triple.adj,5,0.5,0.12933606066666684
204,TRK37-2-12_Triple.adj,19,0.22807017543859648,0.38719660107763954
205,TRK38-2-12_Triple.adj,7,0.38095238095238093,0.11319321666666658
206,TRK38.adj,48,0.12234042553191489,0.4337590890807658
207,TRK39-2-12_Triple.adj,6,0.6666666666666666,0.08379391388888902
208,TRK39a_042409.adj,20,0.15789473684210525,0.3337721106108077
209,TRK39b_042409.adj,35,0.07226890756302522,0.2679202490098524
210,TRK40-2-12_Triple.adj,38,0.13513513513513514,0.48185713300424754
211,TRK43a_042509.adj,26,0.11076923076923077,0.36733199468710437
212,TRK43b_042509.adj,10,0.24444444444444444,0.1601394914761906
213,TRK47a_051209.adj,41,0.07195121951219512,0.33321565621211463
214,TRK47b_051209.adj,43,0.059800664451827246,0.3014675643955686
215,TRK50a_051209.adj,56,0.044805194805194806,0.3270799559152885
216,TRK50b_051209.adj,30,0.0735632183908046,0.20788726930293286
217,TRK51_051209.adj,42,0.09175377468060394,0.42784000701047453
218,TRK57a_051409.adj,35,0.08235294117647059,0.3699034447956388
219,TRK57b_051409.adj,41,0.06463414634146342,0.328882863480211
220,TRK60_051509.adj,49,0.0782312925170068,0.399360044586039
221,TRK64a_051909.adj,34,0.08377896613190731,0.2970107188254919
222,TRK64b_051909.adj,45,0.12525252525252525,0.508193970311096
223,TRKa37-3-12.adj,24,0.2210144927536232,0.40487267417386513
224,TRKa41-3-12.adj,30,0.15862068965517243,0.4333118058529235
225,TRKa42-3-12.adj,21,0.23809523809523808,0.37356507626342256
226,TRKa43-3-12.adj,23,0.2766798418972332,0.3385414002750391
227,TRKa44-3-12.adj,29,0.11083743842364532,0.3567337762434685
228,TRKa45-3-12.adj,10,0.37777777777777777,0.20812748890476204
229,TRKa46-3-12.adj,2,1.0,0.0
230,TRKa47-3-12.adj,7,0.47619047619047616,0.17589588380952373
231,TRKa48-3-12.adj,12,0.3484848484848485,0.32162659683862455
232,TRKa49-3-12.adj,16,0.35,0.33575074410624123
233,TRKa51a-3-12.adj,23,0.15019762845849802,0.4078276731772898
234,TRKa51b-3-12.adj,23,0.1976284584980237,0.38761797587266655
235,TRKa52-3-12.adj,29,0.19950738916256158,0.4417661161719276
236,TRKa53-3-12.adj,27,0.1908831908831909,0.47380659311883166
237,TRKa54-3-12.adj,8,0.35714285714285715,0.23543594619047628
238,TRKb06-3-12.adj,15,0.3047619047619048,0.35036115710726323
239,TRKb07-3-12.adj,24,0.18478260869565216,0.4530866749666669
240,TRKb09-3-12.adj,19,0.21637426900584794,0.3659503282895606
241,TRKb10-3-12.adj,20,0.16842105263157894,0.29768171311415303
242,TRKb11-3-12.adj,23,0.2885375494071146,0.4241240269620889
243,TRKb12-3-12.adj,32,0.20967741935483872,0.43129180610582624
244,TRKb13a-3-12.adj,14,0.15384615384615385,0.2228130714570349
245,TRKb13b-3-12.adj,18,0.21568627450980393,0.30943479570959914
246,TRKb16-3-12.adj,10,0.4222222222222222,0.28219998319047634
247,TRKb17-3-12.adj,14,0.26373626373626374,0.3396509109508748
248,TRKb18-3-12.adj,11,0.3090909090909091,0.3006116290187589
249,WETA0513-20.adj,48,0.09485815602836879,0.41273157424579665
250,whale2002.adj,42,0.09523809523809523,0.46279823009035553
251,whale2003.adj,31,0.15913978494623657,0.4390273879083927
252,whale2004.adj,63,0.08090117767537122,0.5546342803715807
253,whale2005.adj,60,0.09096045197740113,0.5395590561647905
254,whale2006.adj,43,0.13732004429678848,0.45654331697460465
255,whale2007.adj,25,0.12666666666666668,0.42849656773378153
256,whale2008.adj,59,0.12098188194038574,0.5645141306914997
257,whale2009.adj,46,0.18164251207729468,0.56281560121195
258,whale2010.adj,68,0.1286215978928885,0.5328669223902232
259,whale2011.adj,71,0.12152917505030181,0.5616909710959791
260,whale2012.adj,78,0.1471861471861472,0.5462243474573059
261,whale2013.adj,52,0.1229260935143288,0.6170515710411435
262,stickleback_atton_group_1.adj,9,0.3611111111111111,0.2542609649559085
263,stickleback_atton_group_2.adj,10,0.3111111111111111,0.23887458047619062
264,stickleback_atton_group_3.adj,9,0.3333333333333333,0.24586497312169323
265,stickleback_atton_group_4.adj,10,0.26666666666666666,0.27310281620634924
266,stickleback_atton_group_5.adj,10,0.28888888888888886,0.1562705031904764
267,stickleback_atton_group_6.adj,10,0.26666666666666666,0.28421392731746054
268,stickleback_atton_group_7.adj,9,0.3611111111111111,0.27229447465608486
269,guppy_hasenjager_familiar_1.adj,6,0.4666666666666667,0.2041521077777777
270,guppy_hasenjager_familiar_10.adj,6,0.5333333333333333,0.13125045944444452
271,guppy_hasenjager_familiar_2.adj,6,0.5333333333333333,0.13125045944444452
272,guppy_hasenjager_familiar_4.adj,6,0.5333333333333333,0.13125045944444452
273,guppy_hasenjager_familiar_5.adj,6,0.5333333333333333,0.13125045944444452
274,guppy_hasenjager_familiar_6.adj,6,0.5333333333333333,0.13125045944444452
275,guppy_hasenjager_familiar_7.adj,6,0.5333333333333333,0.1840282372222222
276,guppy_hasenjager_familiar_8.adj,6,0.5333333333333333,0.20625045944444476
277,guppy_hasenjager_familiar_9.adj,6,0.4666666666666667,0.08192988555555569
278,Weighted_Barn_swallow_contact_network_Levin.adj,17,0.16176470588235295,0.24917407234223313
279,Weighted_Barn_swallow_non_physical_social_interaction_Levin.adj,17,0.18382352941176472,0.29658428136184095
280,weighted_geese_female_foraging.adj,20,0.15263157894736842,0.3825252916444702
281,weighted_geese_male_foraging.adj,22,0.12987012987012986,0.29731334681926663
282,weighted_hens_pecking_order.adj,32,1.0,0.0
283,weighted_network_social_songbird.adj,88,0.034221525600835946,0.4432640094913325
284,weighted_Flock_Season2_Dryad.adj,31,0.0989247311827957,0.42000688778160133
285,weighted_Flock_Season3_Dryad.adj,23,0.13438735177865613,0.36745591464539723
286,weighted_sparrow_social_2009.adj,30,0.10114942528735632,0.3216157330315554
287,weighted_sparrow_social_2010.adj,36,0.08253968253968254,0.42331229733848325
288,Thornbill_Farine.adj,37,0.08258258258258258,0.44648508441699464
289,social_weaver_0.adj,18,0.1830065359477124,0.3940166637734852
290,social_weaver_1.adj,7,0.5714285714285714,0.24253476333333326
291,social_weaver_10.adj,16,0.175,0.34890145831432484
292,social_weaver_11.adj,42,0.13124274099883856,0.5126958051480879
293,social_weaver_12.adj,39,0.16734143049932523,0.5538731633440374
294,social_weaver_13.adj,31,0.25161290322580643,0.5164899406270012
295,social_weaver_14.adj,11,0.6909090909090909,0.27206582995671
296,social_weaver_15.adj,23,0.16996047430830039,0.48742548592292084
297,social_weaver_16.adj,64,0.08779761904761904,0.5574330454275054
298,social_weaver_17.adj,6,0.6,0.21196801722222217
299,social_weaver_18.adj,6,0.7333333333333333,0.17579738555555594
300,social_weaver_19.adj,18,0.5228758169934641,0.331265951020153
301,social_weaver_2.adj,5,1.0,0.0
302,social_weaver_20.adj,14,0.6813186813186813,0.24198030751700697
303,social_weaver_21.adj,15,0.6095238095238096,0.3072592713968255
304,social_weaver_22.adj,24,0.2246376811594203,0.4727603289105939
305,social_weaver_3.adj,42,0.1765389082462253,0.5720773878166237
306,social_weaver_4.adj,18,0.17647058823529413,0.3988851016494907
307,social_weaver_5.adj,13,0.24358974358974358,0.3244660254811856
308,social_weaver_6.adj,19,0.3742690058479532,0.40132972426398184
309,social_weaver_7.adj,9,0.2777777777777778,0.2910177235626103
310,social_weaver_8.adj,34,0.2620320855614973,0.41296789490164765
311,social_weaver_9.adj,12,0.5454545454545454,0.21511424710317475
312,weaver_dijk_social_00.adj,18,0.1830065359477124,0.3940166637734852
313,weaver_dijk_social_01.adj,7,0.5714285714285714,0.24253476333333326
314,weaver_dijk_social_02.adj,5,1.0,0.0
315,weaver_dijk_social_03.adj,42,0.1765389082462253,0.5720773878166237
316,weaver_dijk_social_04.adj,18,0.17647058823529413,0.3988851016494907
317,weaver_dijk_social_05.adj,13,0.24358974358974358,0.3244660254811856
318,weaver_dijk_social_06.adj,19,0.3742690058479532,0.40132972426398184
319,weaver_dijk_social_07.adj,9,0.2777777777777778,0.2910177235626103
320,weaver_dijk_social_08.adj,34,0.2620320855614973,0.41296789490164765
321,weaver_dijk_social_09.adj,12,0.5454545454545454,0.21511424710317475
322,weaver_dijk_social_10.adj,16,0.175,0.34890145831432484
323,weaver_dijk_social_11.adj,42,0.13124274099883856,0.5126958051480879
324,weaver_dijk_social_12.adj,39,0.16734143049932523,0.5538731633440374
325,weaver_dijk_social_13.adj,31,0.25161290322580643,0.5164899406270012
326,weaver_dijk_social_14.adj,11,0.6909090909090909,0.27206582995671
327,weaver_dijk_social_15.adj,23,0.16996047430830039,0.48742548592292084
328,weaver_dijk_social_16.adj,64,0.08779761904761904,0.5574330454275054
329,weaver_dijk_social_17.adj,6,0.6,0.21196801722222217
330,weaver_dijk_social_18.adj,6,0.7333333333333333,0.17579738555555594
331,weaver_dijk_social_19.adj,18,0.5228758169934641,0.331265951020153
332,weaver_dijk_social_20.adj,14,0.6813186813186813,0.24198030751700697
333,weaver_dijk_social_21.adj,15,0.6095238095238096,0.3072592713968255
334,weaver_dijk_social_22.adj,24,0.2246376811594203,0.4727603289105939
335,wildbird_firth_network_2.adj,94,0.03202928391672386,0.4750243155757607
336,wildbird_firth_network_3.adj,93,0.032491818606825616,0.47497961367518254
337,wildbird_firth_network_4.adj,92,0.032250358337314856,0.4764256058290578
338,alarm.adj,37,0.06906906906906907,0.31356079696822897
339,barley.adj,48,0.07446808510638298,0.35953078813655487
340,child.adj,20,0.13157894736842105,0.3129740229950994
341,hailfinder.adj,56,0.04285714285714286,0.34458534378512046
342,hepar2.adj,70,0.05093167701863354,0.5076909306920265
343,insurance.adj,27,0.14814814814814814,0.38063692918069153
344,mildew.adj,35,0.0773109243697479,0.27521920125890603
345,sachs.adj,11,0.3090909090909091,0.33940213144562514
346,water.adj,32,0.13306451612903225,0.3412239284011249
347,win95pts.adj,76,0.03929824561403509,0.4159212250166209
348,weighted_network_col1_day03.adj,91,0.03296703296703297,0.3920164176142614
349,weighted_network_col1_day07.adj,99,0.030303030303030304,0.38129463865437446
350,weighted_network_col1_day10.adj,99,0.030303030303030304,0.39312779507925183
351,weighted_network_col1_day11.adj,100,0.029696969696969697,0.4140078986067852
352,weighted_network_col1_day12.adj,91,0.03296703296703297,0.36693223626446153
353,weighted_network_col1_day13.adj,88,0.03396029258098224,0.37182434938612907
354,weighted_network_col1_day14.adj,87,0.03421545041432772,0.36795578627519315
355,weighted_network_col1_day15.adj,91,0.03321123321123321,0.375483164142965
356,weighted_network_col1_day16.adj,93,0.032491818606825616,0.41536122011446985
357,weighted_network_col1_day17.adj,85,0.03557422969187675,0.4177616162962322
358,weighted_network_col1_day18.adj,79,0.0379746835443038,0.42698311053559324
359,weighted_network_col1_day19.adj,88,0.03396029258098224,0.4236533429973038
360,weighted_network_col1_day20.adj,93,0.032024310425432446,0.38070654197284576
361,weighted_network_col1_day21.adj,87,0.03475006682705159,0.38116193601052756
362,weighted_network_col1_day22.adj,73,0.04147640791476408,0.4422686365330532
363,weighted_network_col1_day23.adj,71,0.04225352112676056,0.38720206850407374
364,weighted_network_col1_day24.adj,68,0.043898156277436345,0.4008383702289026
365,weighted_network_col1_day25.adj,77,0.0393028024606972,0.38570411960397205
366,weighted_network_col1_day26.adj,69,0.043478260869565216,0.3961510789923455
367,weighted_network_col1_day27.adj,74,0.04035542391706775,0.39188656827031687
368,weighted_network_col1_day28.adj,74,0.04035542391706775,0.4510882897415982
369,weighted_network_col1_day29.adj,71,0.04225352112676056,0.3862677138022063
370,weighted_network_col1_day30.adj,69,0.04305200341005968,0.4318918348223389
371,weighted_network_col1_day31.adj,72,0.04107981220657277,0.3952323063361599
372,weighted_network_col1_day32.adj,54,0.05520614954577219,0.36457342942669807
373,weighted_network_col1_day33.adj,52,0.05731523378582202,0.41083753126791905
374,weighted_network_col1_day34.adj,52,0.058069381598793365,0.37276397859388616
375,weighted_network_col1_day35.adj,51,0.0596078431372549,0.4063945676441629
376,weighted_network_col1_day36.adj,50,0.05959183673469388,0.3546327621720544
377,weighted_network_col1_day37.adj,49,0.06207482993197279,0.39852385278550073
378,weighted_network_col1_day38.adj,50,0.060408163265306125,0.36266340915994094
379,weighted_network_col1_day39.adj,53,0.057329462989840346,0.3365372505617298
380,weighted_network_col1_day40.adj,48,0.06294326241134751,0.3694911272314308
381,weighted_network_col1_day41.adj,52,0.058069381598793365,0.40096803829501965
382,weighted_network_col2_day12.adj,94,0.03180050331731869,0.3995412818721274
383,weighted_network_col2_day14.adj,100,0.0298989898989899,0.3895058484665497
384,weighted_network_col2_day15.adj,98,0.030296654744371977,0.3877396191680921
385,weighted_network_col2_day16.adj,95,0.031802911534154536,0.3722472249401808
386,weighted_network_col2_day17.adj,92,0.0327281414237936,0.3909341140633056
387,weighted_network_col2_day19.adj,93,0.03225806451612903,0.408419754264482
388,weighted_network_col2_day20.adj,95,0.031802911534154536,0.35277535076227995
389,weighted_network_col2_day21.adj,93,0.032024310425432446,0.3893496712590913
390,weighted_network_col2_day22.adj,82,0.036735922914784704,0.3875834522608119
391,weighted_network_col2_day23.adj,83,0.03526300323244196,0.3908388959701096
392,weighted_network_col2_day24.adj,81,0.03734567901234568,0.42005526113416725
393,weighted_network_col2_day25.adj,81,0.03641975308641975,0.4177334022008038
394,weighted_network_col2_day26.adj,80,0.03734177215189873,0.3630868718371734
395,weighted_network_col2_day27.adj,78,0.03862803862803863,0.3915966026090105
396,weighted_network_col2_day28.adj,78,0.03862803862803863,0.3850968117333563
397,weighted_network_col2_day29.adj,77,0.03861927546138073,0.3862134388908184
398,weighted_network_col2_day30.adj,78,0.03862803862803863,0.4032919310530409
399,weighted_network_col2_day31.adj,77,0.0393028024606972,0.37114494868539116
400,weighted_network_col2_day32.adj,55,0.05454545454545454,0.34048095112840515
401,weighted_network_col2_day33.adj,57,0.05325814536340852,0.3527843380848985
402,weighted_network_col2_day34.adj,50,0.060408163265306125,0.3961191855647384
403,weighted_network_col2_day35.adj,55,0.055218855218855216,0.35920703863711667
404,weighted_network_col2_day36.adj,52,0.058069381598793365,0.3347208796494651
405,weighted_network_col2_day37.adj,56,0.05389610389610389,0.33689229505130874
406,weighted_network_col2_day38.adj,53,0.057329462989840346,0.3338738086643871
407,weighted_network_col2_day39.adj,55,0.05454545454545454,0.3497353894483311
408,weighted_network_col2_day40.adj,54,0.055904961565338925,0.33917358126708497
409,weighted_network_col2_day41.adj,55,0.055218855218855216,0.35235399487059693
410,weighted_network_col3_day22.adj,99,0.029684601113172542,0.3955132123037806
411,weighted_network_col3_day24.adj,99,0.030509173366316224,0.3895009633863679
412,weighted_network_col3_day26.adj,95,0.03113101903695409,0.4072080430119429
413,weighted_network_col3_day27.adj,91,0.03223443223443224,0.4224222699966416
414,weighted_network_col3_day28.adj,96,0.030263157894736843,0.379311213536311
415,weighted_network_col3_day29.adj,100,0.029494949494949494,0.3482350054053104
416,weighted_network_col3_day32.adj,87,0.03421545041432772,0.35578789095478996
417,weighted_network_col3_day33.adj,80,0.037658227848101265,0.3711682385166605
418,weighted_network_col3_day34.adj,82,0.036133694670280034,0.39766777092106814
419,weighted_network_col3_day35.adj,87,0.034482758620689655,0.4080712069010841
420,weighted_network_col3_day36.adj,86,0.0347469220246238,0.39169922015613273
421,weighted_network_col3_day37.adj,81,0.03734567901234568,0.4122773387240076
422,weighted_network_col3_day38.adj,74,0.04072565716401333,0.3653072648779686
423,weighted_network_col3_day39.adj,81,0.03734567901234568,0.370436009807753
424,weighted_network_col3_day40.adj,82,0.03643480879253237,0.39876932165748075
425,weighted_network_col3_day41.adj,79,0.0379746835443038,0.3869437791796939
426,weighted_network_col4_day01.adj,91,0.03296703296703297,0.39565169710479364
427,weighted_network_col4_day02.adj,84,0.03442340791738382,0.39740534907160324
428,weighted_network_col4_day03.adj,91,0.03296703296703297,0.4122964295596014
429,weighted_network_col4_day04.adj,90,0.03320848938826467,0.41959091597681036
430,weighted_network_col4_day05.adj,90,0.03295880149812734,0.38806572939030526
431,weighted_network_col4_day06.adj,90,0.03320848938826467,0.40844919609395536
432,weighted_network_col4_day07.adj,86,0.0347469220246238,0.41487992586693867
433,weighted_network_col4_day08.adj,91,0.03321123321123321,0.42744841988099536
434,weighted_network_col4_day09.adj,84,0.03557085484796328,0.4189302683253455
435,weighted_network_col4_day10.adj,90,0.033458177278401995,0.4050756598970595
436,weighted_network_col4_day11.adj,91,0.03296703296703297,0.39319600008547656
437,weighted_network_col4_day12.adj,61,0.04918032786885246,0.3796963668686186
438,weighted_network_col4_day13.adj,58,0.05202661826981246,0.4085926722294957
439,weighted_network_col4_day14.adj,65,0.046153846153846156,0.40940703796647765
440,weighted_network_col4_day15.adj,67,0.04477611940298507,0.44142149511889595
441,weighted_network_col4_day16.adj,65,0.046153846153846156,0.3698083090410699
442,weighted_network_col4_day17.adj,64,0.04513888888888889,0.3510801505982878
443,weighted_network_col4_day18.adj,61,0.04972677595628415,0.3838308647276463
444,weighted_network_col4_day19.adj,67,0.04477611940298507,0.39843301370185075
445,weighted_network_col4_day20.adj,66,0.04522144522144522,0.3780282622035716
446,weighted_network_col4_day21.adj,65,0.046634615384615385,0.3760847301596806
447,weighted_network_col4_day22.adj,49,0.06207482993197279,0.33642423826012025
448,weighted_network_col4_day23.adj,50,0.060408163265306125,0.38911410662058493
449,weighted_network_col4_day24.adj,47,0.06475485661424607,0.3737824513571951
450,weighted_network_col4_day25.adj,50,0.05959183673469388,0.36552563436379204
451,weighted_network_col4_day26.adj,51,0.058823529411764705,0.3531162613835494
452,weighted_network_col4_day27.adj,49,0.06207482993197279,0.3739252704592202
453,weighted_network_col4_day28.adj,51,0.0596078431372549,0.37727892045191597
454,weighted_network_col4_day29.adj,46,0.06570048309178744,0.36843404988287276
455,weighted_network_col4_day30.adj,51,0.058823529411764705,0.36114814243736704
456,weighted_network_col4_day31.adj,50,0.060408163265306125,0.38750528574905657
457,weighted_network_col4_day32.adj,34,0.08912655971479501,0.3764068810011374
458,weighted_network_col4_day33.adj,33,0.0928030303030303,0.3387724548521412
459,weighted_network_col4_day34.adj,34,0.08912655971479501,0.34359055996196153
460,weighted_network_col4_day35.adj,33,0.09090909090909091,0.34864215226187273
461,weighted_network_col4_day36.adj,33,0.0928030303030303,0.3510222713579589
462,weighted_network_col4_day37.adj,32,0.09475806451612903,0.3346152195110269
463,weighted_network_col4_day38.adj,35,0.08571428571428572,0.3799040502116052
464,weighted_network_col4_day39.adj,31,0.0989247311827957,0.33998888123556087
465,weighted_network_col4_day40.adj,35,0.08403361344537816,0.3263099241270817
466,weighted_network_col4_day41.adj,34,0.08912655971479501,0.3443223988186367
467,weighted_network_col5_day22.adj,84,0.03499713138267355,0.3880106366988239
468,weighted_network_col5_day23.adj,81,0.03734567901234568,0.4327140032562585
469,weighted_network_col5_day24.adj,82,0.03643480879253237,0.40833211426016364
470,weighted_network_col5_day25.adj,80,0.037658227848101265,0.39853553349135684
471,weighted_network_col5_day26.adj,82,0.03643480879253237,0.4192131484362947
472,weighted_network_col5_day27.adj,83,0.03643843667352336,0.4421123890499427
473,weighted_network_col5_day28.adj,77,0.03861927546138073,0.4253400775058354
474,weighted_network_col5_day29.adj,79,0.03667640376501136,0.40933558953551913
475,weighted_network_col5_day30.adj,79,0.0379746835443038,0.41784346980359444
476,weighted_network_col5_day31.adj,83,0.03614457831325301,0.4142537417824888
477,weighted_network_col5_day32.adj,58,0.0514216575922565,0.40501465891842753
478,weighted_network_col5_day33.adj,60,0.05028248587570622,0.4049910192445634
479,weighted_network_col5_day34.adj,60,0.05028248587570622,0.3718101367126105
480,weighted_network_col5_day35.adj,62,0.048122686409307246,0.38335186297621665
481,weighted_network_col5_day36.adj,61,0.04972677595628415,0.3850957227550704
482,weighted_network_col5_day37.adj,59,0.05143191116306254,0.42261946678338214
483,weighted_network_col5_day38.adj,58,0.05202661826981246,0.43919688824543934
484,weighted_network_col5_day39.adj,61,0.04972677595628415,0.3741986614501734
485,weighted_network_col5_day40.adj,63,0.048131080389144903,0.40732615353491647
486,weighted_network_col5_day41.adj,58,0.0514216575922565,0.39459578327490413
487,weighted_network_col6_day25.adj,100,0.0301010101010101,0.3583806915504233
488,weighted_network_col6_day32.adj,88,0.034221525600835946,0.3625081726820652
489,weighted_network_col6_day33.adj,84,0.03585771658060815,0.3297509858048483
490,weighted_network_col6_day34.adj,84,0.03585771658060815,0.38711330527281956
491,weighted_network_col6_day35.adj,86,0.03502051983584131,0.35504150428379067
492,weighted_network_col6_day36.adj,79,0.038299253489126904,0.40682143643564184
493,weighted_network_col6_day37.adj,87,0.034482758620689655,0.40759943320301195
494,weighted_network_col6_day38.adj,79,0.038299253489126904,0.3857449902946378
495,weighted_network_col6_day39.adj,80,0.03575949367088608,0.3513764937830609
496,weighted_ant_quevillon_colony1_day1.adj,28,0.09523809523809523,0.33144479364219326
497,weighted_ant_quevillon_colony1_day2.adj,24,0.11594202898550725,0.27635806429248283
498,weighted_ant_quevillon_colony1_day3.adj,23,0.09881422924901186,0.3025955241455206
499,weighted_ant_quevillon_colony1_day4.adj,35,0.08571428571428572,0.35956203288601074
500,weighted_ant_quevillon_colony1_day5.adj,23,0.09486166007905138,0.27361255987660965
501,weighted_ant_quevillon_colony1_day6.adj,28,0.0582010582010582,0.21194402975501822
502,weighted_ant_quevillon_colony1_day7.adj,29,0.10591133004926108,0.2994718085736577
503,weighted_ant_quevillon_colony1_day8.adj,36,0.08412698412698413,0.33302910448801487
504,weighted_ant_quevillon_colony2_day1.adj,26,0.11076923076923077,0.32092418815343965
505,weighted_ant_quevillon_colony2_day2.adj,24,0.10869565217391304,0.3039436226555911
506,weighted_ant_quevillon_colony2_day3.adj,28,0.10582010582010581,0.25333185823253573
507,weighted_ant_quevillon_colony2_day4.adj,29,0.09852216748768473,0.33995637458301664
508,weighted_ant_quevillon_colony2_day5.adj,30,0.0735632183908046,0.24645883979542446
509,weighted_ant_quevillon_colony2_day6.adj,33,0.08712121212121213,0.34136097537956134
510,weighted_ant_quevillon_colony2_day7.adj,30,0.10114942528735632,0.33034985498619196
511,weighted_ant_quevillon_colony2_day8.adj,26,0.11692307692307692,0.3098463496094783
512,beetle_fomica_group_C1_period_1.adj,30,0.10114942528735632,0.30228324701016385
513,beetle_fomica_group_C1_period_2.adj,28,0.10846560846560846,0.3263724363500987
514,beetle_fomica_group_C2_period_1.adj,26,0.11692307692307692,0.3258196392223507
515,beetle_fomica_group_C2_period_2.adj,29,0.10591133004926108,0.30515571083591536
516,beetle_fomica_group_C3_period_1.adj,26,0.11692307692307692,0.26185560395682805
517,beetle_fomica_group_C3_period_2.adj,25,0.12333333333333334,0.31028434401715904
518,beetle_fomica_group_C4_period_1.adj,30,0.10114942528735632,0.3183639444054474
519,beetle_fomica_group_C4_period_2.adj,28,0.10846560846560846,0.3291517081903384
520,beetle_fomica_group_T1_period_1.adj,29,0.10591133004926108,0.3122231222961307
521,beetle_fomica_group_T2_period_1.adj,29,0.10344827586206896,0.30395707611639416
522,beetle_fomica_group_T3_period_1.adj,29,0.10591133004926108,0.35338370779665135
523,beetle_fomica_group_T4_period_1.adj,27,0.11396011396011396,0.3088596854944202
524,asianelephant_desilva.adj,53,0.036284470246734396,0.2786682966260575
525,weighted_group_10.adj,13,0.19230769230769232,0.25771467907929707
526,weighted_group_11.adj,12,0.18181818181818182,0.27668424725348756
527,weighted_group_12.adj,6,0.3333333333333333,0.1900967927777777
528,weighted_group_14.adj,7,0.42857142857142855,0.18314329952380945
529,weighted_group_15.adj,6,0.4666666666666667,0.2041521077777777
530,weighted_group_16.adj,6,0.3333333333333333,0.10676345944444436
531,weighted_group_17.adj,9,0.2777777777777778,0.16994188582010594
532,weighted_group_18.adj,10,0.15555555555555556,0.19921268109523824
533,weighted_group_19.adj,11,0.16363636363636364,0.1940912693427787
534,weighted_group_2.adj,5,0.6,0.17690044466666682
535,weighted_group_20.adj,13,0.21794871794871795,0.2445359307104009
536,weighted_group_21.adj,7,0.47619047619047616,0.083038740952381
537,weighted_group_22.adj,5,0.5,0.14600272733333342
538,weighted_group_23.adj,20,0.10526315789473684,0.24845427598323155
539,weighted_group_24.adj,9,0.16666666666666666,0.17965593924162285
540,weighted_group_25.adj,9,0.16666666666666666,0.17965593924162285
541,weighted_group_27.adj,13,0.15384615384615385,0.20964221219566778
542,weighted_group_28.adj,15,0.13333333333333333,0.20007347442749862
543,weighted_group_29.adj,11,0.12727272727272726,0.18013081712973902
544,weighted_group_3.adj,20,0.07894736842105263,0.21541784910861858
545,weighted_group_6.adj,6,0.26666666666666666,0.13379848833333366
546,weighted_group_7.adj,13,0.16666666666666666,0.2235654883039184
547,weighted_group_8.adj,15,0.17142857142857143,0.2850775065027565
548,weighted_group_9.adj,12,0.13636363636363635,0.21603672573833585
549,weighted_social_vampire_bats.adj,17,0.18382352941176472,0.3118351252891554
550,weighted_network_roosting_indiana_bat.adj,34,0.08912655971479501,0.47330598252147665
551,weighted_bison_dominance.adj,23,0.12648221343873517,0.3097289200699793
552,weighted_cattle_dominance.adj,23,0.13043478260869565,0.32095920431108993
553,weighted_FORAGE_dolphin_florida.adj,68,0.043898156277436345,0.4382956304337152
554,weighted_OVERALL_dolphin_florida.adj,81,0.03641975308641975,0.4432512126391545
555,weighted_SOCIAL_dolphin_florida.adj,48,0.06294326241134751,0.40883188735076176
556,weighted_TRAVEL_dolphin_florida.adj,82,0.03523035230352303,0.4479354782232975
557,unweighted_social_dolphin_Lusseau.adj,62,0.08408249603384453,0.43663404865891614
558,weighted_dominance_phys_contact_2010_2011.adj,46,0.05410628019323672,0.3296325516428224
559,weighted_dominance_phys_contact_2010_2012_peidras_blanca.adj,16,0.11666666666666667,0.20622430463147973
560,weighted_dominance_phys_contact_2011_2012.adj,24,0.10869565217391304,0.3213902713564462
561,weighted_dominance_phys_contact_2012_2013.adj,19,0.08771929824561403,0.23643934207511966
562,weighted_hyena_networkA.adj,32,0.09274193548387097,0.3616953238013586
563,weighted_hyena_networkB.adj,29,0.10591133004926108,0.4433901237200724
564,weighted_hyena_networkC.adj,32,0.09475806451612903,0.3758311580852642
565,weighted_kangaroo_interactions.adj,10,0.3111111111111111,0.2833190249206349
566,weighted_burrow_sharing_before_fire_weight=freq.adj,9,0.2777777777777778,0.2850212508994711
567,weighted_primate_matrix_1.adj,15,0.19047619047619047,0.24969506904044128
568,weighted_primate_matrix_10.adj,21,0.14761904761904762,0.32563779202143195
569,weighted_primate_matrix_11.adj,16,0.19166666666666668,0.2650251731983989
570,weighted_primate_matrix_12.adj,16,0.19166666666666668,0.29380108478681044
571,weighted_primate_matrix_13.adj,25,0.12333333333333334,0.34482684600299107
572,weighted_primate_matrix_14.adj,19,0.16374269005847952,0.234226668004043
573,weighted_primate_matrix_15.adj,23,0.13438735177865613,0.37011170474368643
574,weighted_primate_matrix_16.adj,23,0.13043478260869565,0.3894856330716482
575,weighted_primate_matrix_17.adj,7,0.42857142857142855,0.2355242519047621
576,weighted_primate_matrix_18.adj,6,0.5333333333333333,0.20625045944444476
577,weighted_primate_matrix_19.adj,10,0.28888888888888886,0.1687705031904764
578,weighted_primate_matrix_2.adj,5,0.7,0.1786006753333334
579,weighted_primate_matrix_3.adj,22,0.13852813852813853,0.3468677305330965
580,weighted_primate_matrix_4.adj,11,0.2727272727272727,0.2770883665512265
581,weighted_primate_matrix_5.adj,15,0.20952380952380953,0.40466202083975295
582,weighted_primate_matrix_6.adj,7,0.47619047619047616,0.1473244552380955
583,weighted_primate_matrix_7.adj,18,0.16339869281045752,0.33767846869742124
584,weighted_primate_matrix_8.adj,19,0.16374269005847952,0.28918807226885274
585,weighted_primate_matrix_9.adj,17,0.18382352941176472,0.3230934747827989
586,weighted_raccoon_matrix_1.adj,22,0.13852813852813853,0.36215924586331166
587,weighted_raccoon_matrix_10.adj,19,0.16374269005847952,0.37298888572584976
588,weighted_raccoon_matrix_11.adj,19,0.16374269005847952,0.35896893617347414
589,weighted_raccoon_matrix_12.adj,18,0.16339869281045752,0.3532480298552176
590,weighted_raccoon_matrix_13.adj,19,0.16374269005847952,0.34300337031789685
591,weighted_raccoon_matrix_14.adj,17,0.18382352941176472,0.3673361265946551
592,weighted_raccoon_matrix_15.adj,18,0.16993464052287582,0.32887899892079253
593,weighted_raccoon_matrix_16.adj,17,0.18382352941176472,0.32551165925115655
594,weighted_raccoon_matrix_17.adj,15,0.20952380952380953,0.389643705821438
595,weighted_raccoon_matrix_18.adj,12,0.25757575757575757,0.35679276064333837
596,weighted_raccoon_matrix_19.adj,17,0.18382352941176472,0.2809099230404238
597,weighted_raccoon_matrix_2.adj,21,0.14761904761904762,0.38585176064981896
598,weighted_raccoon_matrix_20.adj,17,0.18382352941176472,0.2809099230404238
599,weighted_raccoon_matrix_21.adj,14,0.21978021978021978,0.31403167441407803
600,weighted_raccoon_matrix_22.adj,15,0.20952380952380953,0.3712350774128093
601,weighted_raccoon_matrix_23.adj,13,0.24358974358974358,0.2913408173559776
602,weighted_raccoon_matrix_24.adj,13,0.24358974358974358,0.34512570767932943
603,weighted_raccoon_matrix_25.adj,13,0.24358974358974358,0.3260772347847026
604,weighted_raccoon_matrix_26.adj,15,0.20952380952380953,0.38104989222762425
605,weighted_raccoon_matrix_27.adj,13,0.24358974358974358,0.2876989464064144
606,weighted_raccoon_matrix_28.adj,15,0.20952380952380953,0.35133035250808475
607,weighted_raccoon_matrix_29.adj,9,0.3611111111111111,0.3045255152204588
608,weighted_raccoon_matrix_3.adj,21,0.14761904761904762,0.29289972603480346
609,weighted_raccoon_matrix_30.adj,8,0.39285714285714285,0.2741792194047621
610,weighted_raccoon_matrix_31.adj,8,0.39285714285714285,0.16852445750000025
611,weighted_raccoon_matrix_32.adj,13,0.24358974358974358,0.296245954953423
612,weighted_raccoon_matrix_33.adj,13,0.24358974358974358,0.35670600772116795
613,weighted_raccoon_matrix_34.adj,13,0.24358974358974358,0.3186385196536797
614,weighted_raccoon_matrix_35.adj,14,0.21978021978021978,0.37565953068479147
615,weighted_raccoon_matrix_36.adj,14,0.21978021978021978,0.37044847190230384
616,weighted_raccoon_matrix_37.adj,14,0.18681318681318682,0.3395679017997876
617,weighted_raccoon_matrix_38.adj,10,0.3111111111111111,0.19069997730158766
618,weighted_raccoon_matrix_39.adj,12,0.25757575757575757,0.2846547135052911
619,weighted_raccoon_matrix_4.adj,22,0.13852813852813853,0.3167499058912781
620,weighted_raccoon_matrix_40.adj,16,0.19166666666666668,0.3971525076694834
621,weighted_raccoon_matrix_41.adj,14,0.21978021978021978,0.3445261799085836
622,weighted_raccoon_matrix_42.adj,17,0.18382352941176472,0.32163545567772117
623,weighted_raccoon_matrix_43.adj,15,0.20952380952380953,0.3174113085890405
624,weighted_raccoon_matrix_44.adj,11,0.2909090909090909,0.2916001260894662
625,weighted_raccoon_matrix_45.adj,12,0.25757575757575757,0.30628771013828804
626,weighted_raccoon_matrix_46.adj,11,0.2909090909090909,0.33590027038961057
627,weighted_raccoon_matrix_47.adj,13,0.24358974358974358,0.30581800683316684
628,weighted_raccoon_matrix_48.adj,14,0.21978021978021978,0.2560420449958772
629,weighted_raccoon_matrix_49.adj,11,0.2909090909090909,0.32796376245310266
630,weighted_raccoon_matrix_5.adj,21,0.14761904761904762,0.3154786439144731
631,weighted_raccoon_matrix_50.adj,15,0.20952380952380953,0.3419452931230253
632,weighted_raccoon_matrix_51.adj,15,0.20952380952380953,0.30783218400991613
633,weighted_raccoon_matrix_52.adj,13,0.24358974358974358,0.31978907849654636
634,weighted_raccoon_matrix_6.adj,21,0.14761904761904762,0.3711985016854145
635,weighted_raccoon_matrix_7.adj,21,0.14761904761904762,0.3503632377552811
636,weighted_raccoon_matrix_8.adj,21,0.14761904761904762,0.31465898529406267
637,weighted_raccoon_matrix_9.adj,19,0.16374269005847952,0.34371962173074283
638,weighted_Contact_Sits_Macaque.adj,27,0.11396011396011396,0.37080800765970995
639,weighted_Grooming_Bouts_Macaque.adj,28,0.10846560846560846,0.377434752483108
640,weighted_macaque_dominance.adj,59,0.05026300409117475,0.3316525443138309
641,weighted_sheep_dominance.adj,23,0.13438735177865613,0.314837310440179
642,weighted_spidermonkeys_contact.adj,15,0.20952380952380953,0.345701906879639
643,voles_begon_site_BHP_trapping_session_02.adj,23,0.12648221343873517,0.34439237180270116
644,voles_begon_site_BHP_trapping_session_03.adj,19,0.09941520467836257,0.26341516777717383
645,voles_begon_site_BHP_trapping_session_04.adj,30,0.07586206896551724,0.3071086693112301
646,voles_begon_site_BHP_trapping_session_05.adj,40,0.07564102564102564,0.34385706203289335
647,voles_begon_site_BHP_trapping_session_06.adj,53,0.057329462989840346,0.42409485402678104
648,voles_begon_site_BHP_trapping_session_07.adj,43,0.05537098560354374,0.34959764919290387
649,voles_begon_site_BHP_trapping_session_08.adj,20,0.1,0.28059010398588746
650,voles_begon_site_BHP_trapping_session_09.adj,31,0.09462365591397849,0.4294407552918534
651,voles_begon_site_BHP_trapping_session_10.adj,20,0.14210526315789473,0.3351115863902563
652,voles_begon_site_BHP_trapping_session_11.adj,38,0.07681365576102418,0.4050716171862377
653,voles_begon_site_BHP_trapping_session_12.adj,61,0.04972677595628415,0.44549568838435905
654,voles_begon_site_BHP_trapping_session_13.adj,83,0.03643843667352336,0.462163380791083
655,voles_begon_site_BHP_trapping_session_14.adj,89,0.0339632277834525,0.4770153228828719
656,voles_begon_site_BHP_trapping_session_15.adj,27,0.07977207977207977,0.3162347459976985
657,voles_begon_site_BHP_trapping_session_16.adj,74,0.03628285820066642,0.41734036591585844
658,voles_begon_site_BHP_trapping_session_17.adj,77,0.03520164046479836,0.42578375102488975
659,voles_begon_site_BHP_trapping_session_18.adj,70,0.036853002070393374,0.40801370428192923
660,voles_begon_site_BHP_trapping_session_19.adj,39,0.04723346828609987,0.2745203052930692
661,voles_begon_site_BHP_trapping_session_20.adj,70,0.040993788819875775,0.4505722227754388
662,voles_begon_site_BHP_trapping_session_21.adj,82,0.03643480879253237,0.4611508304261669
663,voles_begon_site_BHP_trapping_session_29.adj,83,0.02791654422568322,0.3706816149643258
664,voles_begon_site_BHP_trapping_session_30.adj,59,0.04266510812390415,0.38853794501091465
665,voles_begon_site_BHP_trapping_session_31.adj,33,0.07954545454545454,0.34352568215544727
666,voles_begon_site_BHP_trapping_session_32.adj,19,0.14035087719298245,0.3636986785177568
667,voles_begon_site_BHP_trapping_session_34.adj,17,0.16911764705882354,0.3941310134112641
668,voles_begon_site_BHP_trapping_session_35.adj,20,0.12105263157894737,0.30319386574143176
669,voles_begon_site_BHP_trapping_session_36.adj,24,0.12318840579710146,0.3858802653549927
670,voles_begon_site_BHP_trapping_session_37.adj,14,0.14285714285714285,0.2676135267317605
671,voles_begon_site_BHP_trapping_session_44.adj,8,0.2857142857142857,0.24081324226190493
672,voles_begon_site_BHP_trapping_session_45.adj,32,0.09475806451612903,0.45080572811960773
673,voles_begon_site_BHP_trapping_session_46.adj,73,0.04147640791476408,0.4236726184142738
674,voles_begon_site_BHP_trapping_session_47.adj,64,0.04712301587301587,0.45039527245436567
675,voles_begon_site_BHP_trapping_session_48.adj,92,0.031055900621118012,0.44748535558443103
676,voles_begon_site_BHP_trapping_session_49.adj,67,0.045228403437358664,0.4437251165499598
677,voles_begon_site_BHP_trapping_session_50.adj,56,0.046753246753246755,0.3931688492487722
678,voles_begon_site_BHP_trapping_session_51.adj,47,0.04995374653098982,0.37004417469112993
679,voles_begon_site_BHP_trapping_session_52.adj,28,0.07407407407407407,0.3179919483668319
680,voles_begon_site_BHP_trapping_session_53.adj,16,0.15833333333333333,0.34417336065448456
681,voles_begon_site_BHP_trapping_session_54.adj,19,0.10526315789473684,0.26969800081821294
682,voles_begon_site_BHP_trapping_session_55.adj,50,0.05877551020408163,0.3969280875430512
683,voles_begon_site_BHP_trapping_session_56.adj,46,0.06570048309178744,0.43314425985689
684,voles_begon_site_BHP_trapping_session_57.adj,51,0.0596078431372549,0.4517659021647802
685,voles_begon_site_BHP_trapping_session_58.adj,54,0.055904961565338925,0.42357084281147667
686,voles_begon_site_BHP_trapping_session_59.adj,76,0.039649122807017545,0.4584209718764098
687,voles_begon_site_BHP_trapping_session_60.adj,83,0.03614457831325301,0.4437648099877782
688,voles_begon_site_BHP_trapping_session_61.adj,76,0.03543859649122807,0.42654914031812585
689,voles_begon_site_BHP_trapping_session_62.adj,45,0.050505050505050504,0.3554760801255521
690,voles_begon_site_BHP_trapping_session_63.adj,26,0.06769230769230769,0.25349155611049884
691,voles_begon_site_BHP_trapping_session_64.adj,42,0.0627177700348432,0.3707671075317512
692,voles_begon_site_KCS_trapping_session_01.adj,17,0.125,0.2879278331308986
693,voles_begon_site_KCS_trapping_session_02.adj,30,0.10114942528735632,0.39797383265239206
694,voles_begon_site_KCS_trapping_session_03.adj,15,0.14285714285714285,0.3105430614746736
695,voles_begon_site_KCS_trapping_session_04.adj,26,0.08923076923076922,0.3560315270338724
696,voles_begon_site_KCS_trapping_session_05.adj,40,0.07564102564102564,0.42078729709469165
697,voles_begon_site_KCS_trapping_session_06.adj,31,0.09247311827956989,0.3853633256318077
698,voles_begon_site_KCS_trapping_session_07.adj,41,0.06951219512195123,0.3159418794117389
699,voles_begon_site_KCS_trapping_session_08.adj,32,0.07459677419354839,0.3576551873523609
700,voles_begon_site_KCS_trapping_session_09.adj,25,0.08333333333333333,0.29781621546276804
701,voles_begon_site_KCS_trapping_session_10.adj,12,0.22727272727272727,0.30671955343795104
702,voles_begon_site_KCS_trapping_session_11.adj,12,0.18181818181818182,0.2537946368638771
703,voles_begon_site_KCS_trapping_session_12.adj,14,0.18681318681318682,0.3048234795553653
704,voles_begon_site_KCS_trapping_session_13.adj,31,0.09247311827956989,0.39635798471011213
705,voles_begon_site_KCS_trapping_session_14.adj,65,0.046153846153846156,0.446448415437422
706,voles_begon_site_KCS_trapping_session_15.adj,62,0.04230565838180857,0.4135925574624664
707,voles_begon_site_KCS_trapping_session_16.adj,77,0.03896103896103896,0.4416958984441657
708,voles_begon_site_KCS_trapping_session_17.adj,85,0.03529411764705882,0.4598938486957791
709,voles_begon_site_KCS_trapping_session_18.adj,60,0.04971751412429379,0.44902544416630047
710,voles_begon_site_KCS_trapping_session_19.adj,8,0.2857142857142857,0.2594144327380955
711,voles_begon_site_KCS_trapping_session_20.adj,59,0.046756282875511396,0.4292640954358846
712,voles_begon_site_KCS_trapping_session_21.adj,51,0.05725490196078432,0.43449408721291144
713,voles_begon_site_KCS_trapping_session_22.adj,96,0.030921052631578946,0.4511785603839509
714,voles_begon_site_KCS_trapping_session_23.adj,58,0.05202661826981246,0.45760833330030104
715,voles_begon_site_KCS_trapping_session_24.adj,85,0.034453781512605045,0.44575788890636636
716,voles_begon_site_KCS_trapping_session_29.adj,71,0.0386317907444668,0.4344257813616992
717,voles_begon_site_KCS_trapping_session_30.adj,59,0.04792518994739918,0.4351358190772776
718,voles_begon_site_KCS_trapping_session_31.adj,16,0.14166666666666666,0.3258927602378179
719,voles_begon_site_KCS_trapping_session_32.adj,32,0.06451612903225806,0.3051943672989236
720,voles_begon_site_KCS_trapping_session_33.adj,17,0.11764705882352941,0.29594354407968826
721,voles_begon_site_KCS_trapping_session_34.adj,9,0.16666666666666666,0.19464712089947103
722,voles_begon_site_KCS_trapping_session_35.adj,9,0.2777777777777778,0.2612558188007055
723,voles_begon_site_KCS_trapping_session_36.adj,21,0.1,0.3046989728799954
724,voles_begon_site_KCS_trapping_session_37.adj,42,0.06155632984901278,0.3532289465090167
725,voles_begon_site_KCS_trapping_session_38.adj,10,0.2,0.25835227542857175
726,voles_begon_site_KCS_trapping_session_40.adj,8,0.2857142857142857,0.2303965755952383
727,voles_begon_site_KCS_trapping_session_44.adj,12,0.25757575757575757,0.34862777747835527
728,voles_begon_site_KCS_trapping_session_45.adj,11,0.16363636363636364,0.20290669634002387
729,voles_begon_site_KCS_trapping_session_46.adj,40,0.0641025641025641,0.3858562137201743
730,voles_begon_site_KCS_trapping_session_47.adj,58,0.05202661826981246,0.39470849649532125
731,voles_begon_site_KCS_trapping_session_48.adj,75,0.03927927927927928,0.4344345166904783
732,voles_begon_site_KCS_trapping_session_49.adj,74,0.04072565716401333,0.4753574411689054
733,voles_begon_site_KCS_trapping_session_50.adj,46,0.0647342995169082,0.4282718605257122
734,voles_begon_site_KCS_trapping_session_51.adj,37,0.05855855855855856,0.3240474146082373
735,voles_begon_site_KCS_trapping_session_52.adj,12,0.13636363636363635,0.22622191092352098
736,voles_begon_site_KCS_trapping_session_53.adj,16,0.14166666666666666,0.2961865289690867
737,voles_begon_site_KCS_trapping_session_54.adj,8,0.32142857142857145,0.2782871197619049
738,voles_begon_site_KCS_trapping_session_55.adj,40,0.07307692307692308,0.41315909134439605
739,voles_begon_site_KCS_trapping_session_56.adj,16,0.19166666666666668,0.3496761992556749
740,voles_begon_site_KCS_trapping_session_57.adj,22,0.1038961038961039,0.29415320926923044
741,voles_begon_site_KCS_trapping_session_58.adj,20,0.12631578947368421,0.3342314108496948
742,voles_begon_site_KCS_trapping_session_59.adj,34,0.0873440285204991,0.42696134924870527
743,voles_begon_site_KCS_trapping_session_60.adj,55,0.052525252525252523,0.41567154011402857
744,voles_begon_site_KCS_trapping_session_61.adj,52,0.05656108597285068,0.4116195865264448
745,voles_begon_site_KCS_trapping_session_62.adj,22,0.09956709956709957,0.3194538164702859
746,voles_begon_site_KCS_trapping_session_63.adj,17,0.1323529411764706,0.27784787977449704
747,voles_begon_site_KCS_trapping_session_64.adj,23,0.13043478260869565,0.35534622746693634
748,voles_begon_site_PLJ_trapping_session_01.adj,8,0.2857142857142857,0.24081324226190493
749,voles_begon_site_PLJ_trapping_session_02.adj,19,0.09941520467836257,0.27302020412369626
750,voles_begon_site_PLJ_trapping_session_03.adj,28,0.07671957671957672,0.3086264696681864
751,voles_begon_site_PLJ_trapping_session_04.adj,49,0.05612244897959184,0.42820764807913775
752,voles_begon_site_PLJ_trapping_session_05.adj,49,0.06207482993197279,0.4405961016981396
753,voles_begon_site_PLJ_trapping_session_06.adj,32,0.08266129032258064,0.33357989318574904
754,voles_begon_site_PLJ_trapping_session_07.adj,28,0.08465608465608465,0.346629781159947
755,voles_begon_site_PLJ_trapping_session_08.adj,19,0.10526315789473684,0.26517949301023147
756,voles_begon_site_PLJ_trapping_session_09.adj,30,0.0735632183908046,0.3255457031652715
757,voles_begon_site_PLJ_trapping_session_10.adj,26,0.09230769230769231,0.3212989791310114
758,voles_begon_site_PLJ_trapping_session_11.adj,15,0.18095238095238095,0.31930694883731103
759,voles_begon_site_PLJ_trapping_session_12.adj,5,0.4,0.06782037866666682
760,voles_begon_site_PLJ_trapping_session_13.adj,16,0.14166666666666666,0.2953696375271952
761,voles_begon_site_PLJ_trapping_session_14.adj,27,0.07977207977207977,0.3289172838175361
762,voles_begon_site_PLJ_trapping_session_15.adj,48,0.05230496453900709,0.36446486081433677
763,voles_begon_site_PLJ_trapping_session_16.adj,32,0.06653225806451613,0.30719581071946567
764,voles_begon_site_PLJ_trapping_session_17.adj,31,0.08387096774193549,0.3906273850543736
765,voles_begon_site_PLJ_trapping_session_18.adj,45,0.06464646464646465,0.44326163105076616
766,voles_begon_site_PLJ_trapping_session_19.adj,6,0.4666666666666667,0.08192988555555569
767,voles_begon_site_PLJ_trapping_session_20.adj,32,0.0846774193548387,0.3628148644533602
768,voles_begon_site_PLJ_trapping_session_21.adj,39,0.07017543859649122,0.4197904078936864
769,voles_begon_site_PLJ_trapping_session_22.adj,68,0.04214223002633889,0.44194432415925966
770,voles_begon_site_PLJ_trapping_session_23.adj,84,0.03442340791738382,0.42517627708201916
771,voles_begon_site_PLJ_trapping_session_28.adj,69,0.04390451832907076,0.4293315408284901
772,voles_begon_site_PLJ_trapping_session_29.adj,42,0.0545876887340302,0.3499475417522741
773,voles_begon_site_PLJ_trapping_session_30.adj,22,0.09090909090909091,0.2966843146717815
774,voles_begon_site_PLJ_trapping_session_31.adj,27,0.10541310541310542,0.3873313210925594
775,voles_begon_site_PLJ_trapping_session_32.adj,8,0.35714285714285715,0.24615023190476212
776,voles_begon_site_PLJ_trapping_session_34.adj,6,0.3333333333333333,0.10676345944444436
777,voles_begon_site_PLJ_trapping_session_36.adj,9,0.19444444444444445,0.220744106825397
778,voles_begon_site_PLJ_trapping_session_37.adj,7,0.3333333333333333,0.17973185380952375
779,voles_begon_site_PLJ_trapping_session_38.adj,9,0.2222222222222222,0.2415187545502648
780,voles_begon_site_PLJ_trapping_session_39.adj,5,0.6,0.07690044466666683
781,voles_begon_site_PLJ_trapping_session_44.adj,10,0.2222222222222222,0.25623492042857154
782,voles_begon_site_PLJ_trapping_session_45.adj,42,0.07200929152148665,0.44868691401734956
783,voles_begon_site_PLJ_trapping_session_46.adj,54,0.04682040531097135,0.38105093551237196
784,voles_begon_site_PLJ_trapping_session_47.adj,27,0.07977207977207977,0.29491324856509005
785,voles_begon_site_PLJ_trapping_session_48.adj,47,0.05550416281221091,0.367563323887971
786,voles_begon_site_PLJ_trapping_session_49.adj,62,0.048651507139079855,0.4680412090517232
787,voles_begon_site_PLJ_trapping_session_50.adj,58,0.034482758620689655,0.3089972902725347
788,voles_begon_site_PLJ_trapping_session_51.adj,15,0.19047619047619047,0.3859388252841975
789,voles_begon_site_PLJ_trapping_session_52.adj,16,0.11666666666666667,0.27162704425296946
790,voles_begon_site_PLJ_trapping_session_53.adj,12,0.16666666666666666,0.2665469842965369
791,voles_begon_site_PLJ_trapping_session_54.adj,16,0.19166666666666668,0.3915202926622684
792,voles_begon_site_PLJ_trapping_session_56.adj,10,0.17777777777777778,0.2202643494285717
793,voles_begon_site_PLJ_trapping_session_57.adj,11,0.16363636363636364,0.2101610581398402
794,voles_begon_site_PLJ_trapping_session_59.adj,72,0.041471048513302036,0.4677138576101072
795,voles_begon_site_PLJ_trapping_session_60.adj,80,0.037658227848101265,0.4692137897051385
796,voles_begon_site_PLJ_trapping_session_61.adj,83,0.03526300323244196,0.4481574424140709
797,voles_begon_site_PLJ_trapping_session_62.adj,38,0.059743954480796585,0.35880000720051736
798,voles_begon_site_PLJ_trapping_session_63.adj,21,0.09047619047619047,0.28220288151968526
799,voles_begon_site_ROB_trapping_session_02.adj,57,0.05325814536340852,0.4506529102203341
800,voles_begon_site_ROB_trapping_session_03.adj,49,0.06207482993197279,0.4508723909311409
801,voles_begon_site_ROB_trapping_session_04.adj,74,0.04072565716401333,0.46636184058747027
802,voles_begon_site_ROB_trapping_session_05.adj,59,0.046756282875511396,0.4299915763445352
803,voles_begon_site_ROB_trapping_session_06.adj,63,0.04608294930875576,0.4095575841785135
804,voles_begon_site_ROB_trapping_session_07.adj,50,0.04816326530612245,0.37415218191749483
805,voles_begon_site_ROB_trapping_session_08.adj,36,0.050793650793650794,0.2751520713142204
806,voles_begon_site_ROB_trapping_session_09.adj,26,0.09230769230769231,0.37474068015720463
807,voles_begon_site_ROB_trapping_session_10.adj,40,0.06794871794871794,0.3818162103841942
808,voles_begon_site_ROB_trapping_session_11.adj,59,0.04792518994739918,0.4142441694699518
809,voles_begon_site_ROB_trapping_session_12.adj,56,0.047402597402597405,0.4183939326587442
810,voles_begon_site_ROB_trapping_session_13.adj,83,0.03614457831325301,0.4540336561128181
811,voles_begon_site_ROB_trapping_session_14.adj,57,0.05012531328320802,0.4469700354328208
812,voles_begon_site_ROB_trapping_session_15.adj,24,0.08695652173913043,0.3243836983571182
813,voles_begon_site_ROB_trapping_session_17.adj,62,0.048651507139079855,0.4836643300453908
814,voles_begon_site_ROB_trapping_session_18.adj,49,0.050170068027210885,0.38568272492483086
815,voles_begon_site_ROB_trapping_session_19.adj,42,0.0545876887340302,0.35787480892346313
816,voles_begon_site_ROB_trapping_session_20.adj,48,0.047872340425531915,0.3486355923425586
817,voles_begon_site_ROB_trapping_session_21.adj,78,0.03696303696303696,0.4334140542776629
818,voles_begon_site_ROB_trapping_session_22.adj,92,0.032250358337314856,0.4602018641257066
819,voles_begon_site_ROB_trapping_session_23.adj,90,0.03270911360799001,0.45899672668874036
820,voles_begon_site_ROB_trapping_session_24.adj,84,0.03557085484796328,0.44688297682241296
821,voles_begon_site_ROB_trapping_session_25.adj,63,0.047619047619047616,0.4744277910672527
822,voles_begon_site_ROB_trapping_session_26.adj,41,0.05853658536585366,0.37984644684346075
823,voles_begon_site_ROB_trapping_session_27.adj,64,0.03869047619047619,0.3938445231081203
824,voles_begon_site_ROB_trapping_session_28.adj,71,0.03702213279678068,0.399147944218099
825,voles_begon_site_ROB_trapping_session_29.adj,62,0.03437334743521946,0.31218426368633323
826,voles_begon_site_ROB_trapping_session_30.adj,38,0.06401137980085349,0.34634557772797914
827,voles_begon_site_ROB_trapping_session_31.adj,25,0.08,0.26942917937187677
828,voles_begon_site_ROB_trapping_session_32.adj,13,0.15384615384615385,0.2250601276135831
829,voles_begon_site_ROB_trapping_session_34.adj,5,0.5,0.14600272733333342
830,voles_begon_site_ROB_trapping_session_44.adj,15,0.13333333333333333,0.29321181756584175
831,voles_begon_site_ROB_trapping_session_45.adj,57,0.05325814536340852,0.45796719452834767
832,voles_begon_site_ROB_trapping_session_46.adj,63,0.04505888376856119,0.43452352290812624
833,voles_begon_site_ROB_trapping_session_47.adj,87,0.03421545041432772,0.466725549150051
834,voles_begon_site_ROB_trapping_session_48.adj,40,0.05,0.301930626362099
835,voles_begon_site_ROB_trapping_session_49.adj,79,0.03732554365465758,0.4319805668365604
836,voles_begon_site_ROB_trapping_session_50.adj,82,0.036735922914784704,0.46776083270282937
837,voles_begon_site_ROB_trapping_session_51.adj,76,0.03298245614035088,0.40764558603965084
838,voles_begon_site_ROB_trapping_session_52.adj,62,0.044420941300899,0.44703403991209345
839,voles_begon_site_ROB_trapping_session_53.adj,20,0.09473684210526316,0.2779894408573286
840,voles_begon_site_ROB_trapping_session_54.adj,56,0.03506493506493506,0.30010094314442215
841,voles_begon_site_ROB_trapping_session_55.adj,55,0.050505050505050504,0.4476323061946769
842,voles_begon_site_ROB_trapping_session_56.adj,15,0.1523809523809524,0.2969410594140677
843,voles_begon_site_ROB_trapping_session_57.adj,30,0.0735632183908046,0.32717422406965446
844,voles_begon_site_ROB_trapping_session_58.adj,46,0.051207729468599035,0.3678222581859979
845,voles_begon_site_ROB_trapping_session_59.adj,81,0.03179012345679012,0.4087812498585381
846,voles_begon_site_ROB_trapping_session_60.adj,83,0.031148986188657066,0.4013701846880606
847,voles_begon_site_ROB_trapping_session_61.adj,74,0.04035542391706775,0.381174972659433
848,voles_begon_site_ROB_trapping_session_62.adj,69,0.040068201193520885,0.42869581292922465
849,voles_begon_site_ROB_trapping_session_63.adj,44,0.06448202959830866,0.4144534771176793
850,voles_begon_site_ROB_trapping_session_64.adj,24,0.07971014492753623,0.25722331013011407
851,UNweighted_zebra_interaction.adj,27,0.3162393162393162,0.47137573449489406
852,tortoise_sah_network_BSV_aggregate_year_1996_season_active.adj,74,0.00259163272861903,-6345074682.796329
853,tortoise_sah_network_CS_aggregate_year_2006_season_active.adj,14,0.07692307692307693,0.15006420936167025
854,tortoise_sah_network_CS_aggregate_year_2007_season_active.adj,25,0.11666666666666667,0.39877276041843657
855,tortoise_sah_network_CS_aggregate_year_2008_season_active.adj,24,0.12681159420289856,0.39223006116321696
856,tortoise_sah_network_CS_aggregate_year_2009_season_active.adj,25,0.09,0.33368992918601803
857,tortoise_sah_network_CS_aggregate_year_2010_season_active.adj,28,0.10052910052910052,0.4066113961606202
858,tortoise_sah_network_CS_aggregate_year_2011_season_active.adj,31,0.030107526881720432,0.10765980120176528
859,tortoise_sah_network_CS_aggregate_year_2011_season_inactive.adj,31,0.017204301075268817,0.06291350125906474
860,tortoise_sah_network_CS_aggregate_year_2012_season_active.adj,38,0.02844950213371266,0.12242211277313132
861,tortoise_sah_network_CS_aggregate_year_2013_season_active.adj,38,0.02275960170697013,0.09604358966357204
862,tortoise_sah_network_CS_aggregate_year_2013_season_inactive.adj,33,0.011363636363636364,0.045628449914673914
863,tortoise_sah_network_CS_aggregate_year_2015_season_active.adj,70,0.004140786749482402,-511803.58627101907
864,tortoise_sah_network_HW_aggregate_year_2009_season_active.adj,21,0.04285714285714286,0.11641678485233456
865,tortoise_sah_network_HW_aggregate_year_2011_season_active.adj,18,0.0392156862745098,0.09118306498037924
866,tortoise_sah_network_HW_aggregate_year_2012_season_active.adj,16,0.058333333333333334,0.1280554578178767
867,tortoise_sah_network_LM_aggregate_year_1998_season_active.adj,51,0.06980392156862746,0.4685090314721633
868,tortoise_sah_network_LM_aggregate_year_1998_season_inactive.adj,48,0.00975177304964539,0.04764767978884271
869,tortoise_sah_network_LM_aggregate_year_1999_season_active.adj,44,0.035940803382663845,0.21166230032366454
870,tortoise_sah_network_MC_aggregate_year_2012_season_active.adj,24,0.09057971014492754,0.3377861947076894
871,tortoise_sah_network_MC_aggregate_year_2013_season_active.adj,21,0.09523809523809523,0.3022779137535559
872,tortoise_sah_network_PV_aggregate_year_2005_season_active.adj,20,0.06842105263157895,0.1938181454706454
873,tortoise_sah_network_PV_aggregate_year_2008_season_active.adj,35,0.018487394957983194,0.07260029638198924
874,tortoise_sah_network_PV_aggregate_year_2009_season_active.adj,17,0.03676470588235294,0.08081521947227721
875,tortoise_sah_network_PV_aggregate_year_2010_season_active.adj,20,0.11052631578947368,0.33696733053096783
876,tortoise_sah_network_PV_aggregate_year_2011_season_active.adj,24,0.043478260869565216,0.1356714368392904
877,tortoise_sah_network_PV_aggregate_year_2012_season_active.adj,23,0.10276679841897234,0.3279999016052841
878,tortoise_sah_network_PV_aggregate_year_2013_season_active.adj,23,0.06324110671936758,0.19804352642042508
879,tortoise_sah_network_SG_aggregate_year_1999_season_active.adj,32,0.046370967741935484,0.18040000792228178
880,tortoise_sah_network_SG_aggregate_year_2000_season_active.adj,24,0.021739130434782608,0.06693676771053415
881,tortoise_sah_network_SL_aggregate_year_2012_season_active.adj,11,0.09090909090909091,0.1377269219349339
882,tortoise_sah_network_SL_aggregate_year_2013_season_active.adj,15,0.12380952380952381,0.25869197960935375
883,weighted_network_social_T_rugosa.adj,60,0.05028248587570622,0.45300154971073936
884,net_Io.adj,30,0.31724137931034485,0.421327132973504
885,net_Jupiter_HC_noM.adj,40,0.3474358974358974,0.4368477870645746
886,net_Mars.adj,32,0.3245967741935484,0.40716897436862565
887,net_Titan.adj,54,0.20475192173305382,0.5402687573048932
888,net_Titan_Toublanc.adj,69,0.16453537936913895,0.5205897527020406
889,net_Venus.adj,43,0.22591362126245848,0.5065299078004686
890,17NOV_GREECE_19751984.adj,11,0.32727272727272727,0.3436142432611831
891,17NOV_GREECE_19851994.adj,16,0.3333333333333333,0.47794025154505226
892,17NOV_GREECE_19952002.adj,18,0.29411764705882354,0.4945004494635795
893,17NOV_GREECE_1MROWS.adj,10,0.6666666666666666,0.3112539115238097
894,17NOV_GREECE_KINSHIP.adj,10,0.2,0.24085227542857165
895,9_11_HIJACKERS_ASSOCIATES.adj,56,0.048051948051948054,0.4062055306815428
896,9_11_HIJACKERS_PRIORCONTACTS.adj,19,0.14035087719298245,0.2893102311152145
897,ALQAEDA9303_OPERATIONS_1.adj,11,0.34545454545454546,0.37470150907647937
898,ALQAEDA9303_OPERATIONS_10.adj,11,0.3090909090909091,0.33279056119769146
899,ALQAEDA9303_OPERATIONS_11.adj,23,0.2608695652173913,0.45426565016110126
900,ALQAEDA9303_OPERATIONS_12.adj,8,0.5,0.3209936320238097
901,ALQAEDA9303_OPERATIONS_13.adj,17,0.34558823529411764,0.38629819094350115
902,ALQAEDA9303_OPERATIONS_14.adj,19,0.2222222222222222,0.3469144969263487
903,ALQAEDA9303_OPERATIONS_15.adj,14,0.2857142857142857,0.3689473883640172
904,ALQAEDA9303_OPERATIONS_18.adj,12,0.3939393939393939,0.31020561000962005
905,ALQAEDA9303_OPERATIONS_19.adj,9,0.4444444444444444,0.32688007243386263
906,ALQAEDA9303_OPERATIONS_22.adj,16,0.26666666666666666,0.43663949182664574
907,ALQAEDA9303_OPERATIONS_23.adj,8,0.5,0.22605315583333324
908,ALQAEDA9303_OPERATIONS_25.adj,10,0.6,0.21931053719047622
909,ALQAEDA9303_OPERATIONS_26.adj,12,0.19696969696969696,0.30848342018278024
910,ALQAEDA9303_OPERATIONS_28.adj,29,0.2684729064039409,0.582060716985
911,ALQAEDA9303_OPERATIONS_3.adj,19,0.4502923976608187,0.36883211913063557
912,ALQAEDA9303_OPERATIONS_4.adj,28,0.2619047619047619,0.4669473748613515
913,ALQAEDA9303_OPERATIONS_5.adj,6,0.6666666666666666,0.1810161361111112
914,ALQAEDA9303_OPERATIONS_7.adj,12,0.5757575757575758,0.3331083017748917
915,ALQAEDA9303_OPERATIONS_8.adj,12,0.6666666666666666,0.2532586580687834
916,ALQAEDA9303_OPERATIONS_9.adj,8,0.5714285714285714,0.2579915390476191
917,AE_INDO_1990_1994.adj,8,0.25,0.22866489559523825
918,AE_INDO_1995_1999.adj,18,0.0915032679738562,0.2197808163540564
919,AE_INDO_2000.adj,22,0.09523809523809523,0.30912620303069527
920,AE_INDO_2001.adj,23,0.09881422924901186,0.336747390254406
921,AE_INDO_2002.adj,23,0.1067193675889328,0.2951417166275997
922,AE_INDO_2003.adj,24,0.13405797101449277,0.3589310886534316
923,AE_INDO_2004.adj,27,0.3190883190883191,0.3421551555006232
924,AE_INDO_2005.adj,12,0.3484848484848485,0.25671257567460337
925,AE_INDO_OPERATION_ID.adj,27,0.3190883190883191,0.3421551555006232
926,AE_INDO_TIE_EXTINGUISH.adj,27,0.3190883190883191,0.3421551555006232
927,AE_INDO_TIE_YEAR.adj,27,0.3190883190883191,0.3421551555006232
928,N34_1.adj,34,0.0962566844919786,0.4004643886069398
929,N34_10.adj,28,0.06878306878306878,0.26586054985502405
930,N34_11.adj,54,0.037037037037037035,0.29299857271895313
931,N34_13.adj,16,0.13333333333333333,0.22000391778853118
932,N34_14.adj,68,0.04170324846356453,0.40541584442074013
933,N34_15.adj,38,0.05689900426742532,0.3346130995345022
934,N34_16.adj,33,0.06439393939393939,0.31748990338892663
935,N34_18.adj,28,0.082010582010582,0.31245392524170074
936,N34_19.adj,31,0.08387096774193549,0.3072272070408493
937,N34_20.adj,29,0.05665024630541872,0.2288288987666699
938,N34_21.adj,38,0.06116642958748222,0.35104208891350075
939,N34_22.adj,40,0.05384615384615385,0.3196340627098823
940,N34_23.adj,53,0.050072568940493466,0.3649471081937166
941,N34_3.adj,26,0.05846153846153846,0.2069061931178797
942,N34_4.adj,23,0.08300395256916997,0.27556092811107996
943,N34_6.adj,24,0.09782608695652174,0.32224366703308854
944,N34_7.adj,44,0.06553911205073996,0.39570604385243513
945,N34_8.adj,65,0.04326923076923077,0.4042204871297237
946,N34_9.adj,38,0.06827880512091039,0.3704055550570013
947,BALIBOMBING2002_1985_1989.adj,10,0.3111111111111111,0.33371585031746076
948,BALIBOMBING2002_1990_1994.adj,17,0.3161764705882353,0.386722110474305
949,BALIBOMBING2002_1995_1999.adj,22,0.3593073593073593,0.4840344098039322
950,BALIBOMBING2002_2000.adj,23,0.383399209486166,0.5138576962608713
951,BALIBOMBING2002_2001.adj,23,0.391304347826087,0.49333107194657805
952,BALIBOMBING2002_2002.adj,27,0.4444444444444444,0.4687257898158456
953,BALIBOMBING2002_2003.adj,13,0.6666666666666666,0.2786822085070488
954,BALIBOMBING2002_2004.adj,6,0.7333333333333333,0.10079738555555569
955,BALIBOMBING2002_2005.adj,6,0.7333333333333333,0.10079738555555569
956,BALIBOMBING2002_2006.adj,6,0.6666666666666666,0.08379391388888902
957,BALIBOMBING2005_1996.adj,11,0.2,0.27327097900301756
958,BALIBOMBING2005_1997.adj,11,0.2,0.27327097900301756
959,BALIBOMBING2005_1998.adj,11,0.23636363636363636,0.2945157359084354
960,BALIBOMBING2005_1999.adj,14,0.16483516483516483,0.3062860370221843
961,BALIBOMBING2005_2000_1.adj,15,0.1523809523809524,0.29811155558456376
962,BALIBOMBING2005_2000_2.adj,15,0.1523809523809524,0.29811155558456376
963,BALIBOMBING2005_2001_1.adj,16,0.14166666666666666,0.2975219990545568
964,BALIBOMBING2005_2001_2.adj,16,0.14166666666666666,0.2975219990545568
965,BALIBOMBING2005_2002_1.adj,19,0.21637426900584794,0.47937797685449124
966,BALIBOMBING2005_2002_2.adj,19,0.2222222222222222,0.4868446763281752
967,BALIBOMBING2005_2003_1.adj,22,0.18614718614718614,0.5002705273246786
968,BALIBOMBING2005_2003_2.adj,23,0.17391304347826086,0.5038931534232833
969,BALIBOMBING2005_2004_1.adj,25,0.16666666666666666,0.4910144406925485
970,BALIBOMBING2005_2004_2.adj,25,0.16666666666666666,0.4910144406925485
971,BALIBOMBING2005_2005_1.adj,27,0.2336182336182336,0.48028806088271553
972,BALIBOMBING2005_2005_2.adj,27,0.2564102564102564,0.4491195200920891
973,CAVIAR1.adj,15,0.1619047619047619,0.34063291070292684
974,CAVIAR10.adj,38,0.05832147937411095,0.3467945530466911
975,CAVIAR11.adj,35,0.06386554621848739,0.3185661656540202
976,CAVIAR2.adj,21,0.10952380952380952,0.3526171828568697
977,CAVIAR3.adj,32,0.0907258064516129,0.4478334157146273
978,CAVIAR4.adj,32,0.08870967741935484,0.41794621279738525
979,CAVIAR5.adj,25,0.08666666666666667,0.3331399234973509
980,CAVIAR6.adj,23,0.1225296442687747,0.4026828223309865
981,CAVIAR7.adj,30,0.08735632183908046,0.36153561828767333
982,CAVIAR8.adj,33,0.08333333333333333,0.41467215548876074
983,CAVIAR9.adj,30,0.08735632183908046,0.36153561828767333
984,CIELNET.adj,22,0.10822510822510822,0.3434726610336074
985,COCAINE_ACERO.adj,23,0.1383399209486166,0.4263859980605967
986,COCAINE_JAKE.adj,29,0.08374384236453201,0.35109189632590404
987,COCAINE_JUANES.adj,49,0.07227891156462585,0.4704127058782121
988,COCAINE_MAMBO.adj,31,0.11612903225806452,0.44108069721790893
989,COCAINE_DEALING.adj,16,0.14166666666666666,0.32270645002025766
990,CZECH_CORRUPTION.adj,13,0.6410256410256411,0.27957364847041877
991,HAMBURG_1985_1989.adj,6,0.4666666666666667,0.2041521077777779
992,HAMBURG_1990_1994.adj,13,0.1794871794871795,0.2872485851452823
993,HAMBURG_1995.adj,17,0.17647058823529413,0.36650652523693544
994,HAMBURG_1996.adj,22,0.18181818181818182,0.4580736306126159
995,HAMBURG_1997.adj,30,0.15172413793103448,0.506264469163495
996,HAMBURG_1998.adj,29,0.21674876847290642,0.4989092492618108
997,HAMBURG_1999.adj,28,0.20899470899470898,0.5367941266215718
998,HAMBURG_2000_1.adj,25,0.21666666666666667,0.4867582353827643
999,HAMBURG_2000_2.adj,24,0.20652173913043478,0.46846327685429595
1000,HAMBURG_2001_1.adj,24,0.20652173913043478,0.46837308926410826
1001,HAMBURG_2001_2.adj,23,0.2134387351778656,0.4661911581472411
1002,HAMBURG_2002_1.adj,12,0.16666666666666666,0.26823048598003857
1003,HAMBURG_2002_2.adj,12,0.16666666666666666,0.26823048598003857
1004,HEROIN_DEALING.adj,38,0.11806543385490754,0.5115903689837765
1005,IS_BBC_61_IS_BBC-FRIENDS.adj,20,0.06315789473684211,0.17571236897101966
1006,IS_BBC_61_IS_BBC-LINKS.adj,15,0.14285714285714285,0.3032662641978764
1007,ITALIAN_GANGS.adj,67,0.051560379918588875,0.508105521567555
1008,JAKARTA_NORDIN_KINSHIP.adj,24,0.11231884057971014,0.38530843794791175
1009,JAKARTA_NORDIN_OPERATION_ID.adj,28,0.09523809523809523,0.40264307538555183
1010,JAKARTA_NORDIN_POST-ATTACK.adj,10,0.15555555555555556,0.21349839538095253
1011,JAKARTA_NORDIN_PRE-ATTACK.adj,28,0.09523809523809523,0.40264307538555183
1012,JI_KOSCHADE.adj,17,0.4632352941176471,0.42239899005295395
1013,LONDON_GANG.adj,54,0.22012578616352202,0.4871899867103602
1014,MADOFF.adj,45,0.04141414141414142,0.2813234359289654
1015,MALI.adj,36,0.10634920634920635,0.4876958843070496
1016,MONTREALGANG.adj,33,0.14583333333333334,0.5076215383846072
1017,NOORDINTOP_BUSINESS_FINANCE.adj,13,0.19230769230769232,0.3328446772862182
1018,NOORDINTOP_CLASSMATES.adj,39,0.23616734143049933,0.5684601692792185
1019,NOORDINTOP_COMMUNICATIONS.adj,74,0.07404664938911515,0.5572343089954441
1020,NOORDINTOP_FRIENDSHIP.adj,61,0.04972677595628415,0.4014156064537032
1021,NOORDINTOP_KINSHIP.adj,24,0.057971014492753624,0.19377994512692598
1022,NOORDINTOP_LOGISTICS.adj,16,0.24166666666666667,0.44051081352265803
1023,NOORDINTOP_MEETINGS.adj,26,0.19384615384615383,0.5080000923979392
1024,NOORDINTOP_OPERATIONS.adj,39,0.3603238866396761,0.5995839668286016
1025,NOORDINTOP_SOULMATES.adj,9,0.3055555555555556,0.3060262399118166
1026,NOORDINTOP_TRAININGEVENTS.adj,38,0.20910384068278806,0.60232065612969
1027,PHILBOMB_2000_1985_1989.adj,11,0.34545454545454546,0.3572772666522368
1028,PHILBOMB_2000_1990_1994.adj,14,0.3956043956043956,0.3342226746330655
1029,PHILBOMB_2000_1995_1999.adj,15,0.4666666666666667,0.3609274514035594
1030,PHILBOMB_2000_2000.adj,16,0.575,0.33560801973554244
1031,PHILBOMB_2000_2001.adj,16,0.575,0.33560801973554244
1032,PHILBOMB_2000_2002.adj,14,0.5494505494505495,0.327007407513915
1033,PHILBOMB_2000_2003.adj,8,0.4642857142857143,0.3185113494047621
1034,60_PERIOD1_ATTT.adj,14,0.23076923076923078,0.28776042193156076
1035,60_PERIOD2_ATT.adj,13,0.2564102564102564,0.26546112084249096
1036,60_PERIOD3_ATT.adj,15,0.23809523809523808,0.35789279712058325
1037,60_PERIOD4_5_ATT.adj,17,0.19852941176470587,0.34064803136758687
1038,60_PERIOD6_ATT.adj,17,0.21323529411764705,0.33671341730596216
1039,60_PERIOD6_NET.adj,83,0.027034969144872172,0.33864037410495224
1040,SAXENA_TERROR_2001.adj,25,0.18666666666666668,0.4316260656840241
1041,SAXENA_TERROR_2002.adj,23,0.16600790513833993,0.4121514916857198
1042,SAXENA_TERROR_2003.adj,15,0.18095238095238095,0.3108824104127725
1043,SIREN.adj,44,0.10887949260042283,0.594778721111105
1044,35_ALLBUSTIES.adj,10,0.2222222222222222,0.24722698392063497
1045,FAMILYTIE_FIG3.adj,11,0.2909090909090909,0.28717601484717314
1046,FULLFAMILY_FIG4.adj,14,0.18681318681318682,0.31683725942628815
1047,BASEBALL_1M.adj,72,0.397887323943662,0.6376412252490126
1048,50_1908_VISIT_AFF.adj,75,0.05981981981981982,0.6317328135018698
1049,50_1909_VISIT_AFF.adj,83,0.02615339406406112,0.34697980685789653
1050,50_1910_VISIT_AFF.adj,86,0.01997264021887825,0.24133478658398957
1051,50_1911_VISIT_AFF.adj,85,0.015126050420168067,0.10907508925176326
1052,50_1912_VISIT_AFF.adj,78,0.00333000333000333,-587669797008.8379
1053,50_BLATHWAYT_COVISITATION_1M.adj,86,0.09138166894664843,0.7082826464081298
1054,50_BRISTOLBATH_EVENTS1.adj,50,0.1926530612244898,0.6316432847611574
1055,50_BRISTOL_BATH_MILITANTACT.adj,19,0.05263157894736842,0.1336560043179499
1056,50_BRISTOL_BATH_MILITANTACT_1M.adj,14,0.18681318681318682,0.36210191540522985
1057,50_BRISTOL_BATH_MILITANTACT_1p.adj,14,0.18681318681318682,0.36210191540522985
1058,66_1985_GLOBAL_SUICIDE.adj,8,0.5,0.27218410821428574
1059,66_2001_GLOBAL_SUICIDE.adj,10,0.3111111111111111,0.33943013603174615
1060,66_2002_GLOBAL_SUICIDE.adj,9,0.3055555555555556,0.312375446261023
1061,66_2003_GLOBAL_SUICIDE.adj,16,0.2,0.39814252200750644
1062,66_2004_GLOBAL_SUICIDE.adj,19,0.2046783625730994,0.47783156531079723
1063,66_2005_GLOBAL_SUICIDE.adj,22,0.16017316017316016,0.47784664405387994
1064,66_2006_GLOBAL_SUICIDE.adj,24,0.13405797101449277,0.46610809125945396
1065,SWINGERS.adj,29,0.11576354679802955,0.3857487654373638
1066,TOGO.adj,34,0.08377896613190731,0.4352439500478371
1067,DOMESTICTERRORWEB.adj,30,0.09885057471264368,0.35360391239365396
1068,CHRISTMASEVEINDONESIA_1985_1989.adj,12,0.3484848484848485,0.40725370121572907
1069,CHRISTMASEVEINDONESIA_1990_1994.adj,30,0.22528735632183908,0.4888012871306583
1070,CHRISTMASEVEINDONESIA_1995_1999.adj,39,0.1970310391363023,0.5135269400852243
1071,CHRISTMASEVEINDONESIA_2000.adj,45,0.23535353535353534,0.47474637665380354
1072,CHRISTMASEVEINDONESIA_2001.adj,39,0.252361673414305,0.47572663638584134
1073,CHRISTMASEVEINDONESIA_2002.adj,28,0.2698412698412698,0.48085371558945456
1074,CHRISTMASEVEINDONESIA_2003.adj,20,0.24210526315789474,0.4653012362802376
1075,CHRISTMASEVEINDONESIA_2004.adj,6,0.4666666666666667,0.09581877444444452
1076,CHRISTMASEVEINDONESIA_2005.adj,7,0.3333333333333333,0.18959579938775542
1077,CHRISTMASEVEINDONESIA_2006.adj,8,0.2857142857142857,0.18947395654761923
1078,CHRISTMASEVEINDONESIA_KINSHIP_0.adj,45,0.23030303030303031,0.4707104226895217
1079,893.adj,14,0.3076923076923077,0.27502257901003796
1080,a.adj,8,0.21428571428571427,0.1702636289880955
1081,913330800.adj,9,0.1388888888888889,0.1596572315873018
1082,915145200.adj,29,0.20935960591133004,0.3557279943113974
1083,916959600.adj,31,0.210752688172043,0.45147571503808687
1084,918774000.adj,31,0.2623655913978495,0.3142028275250409
1085,920588400.adj,31,0.2967741935483871,0.35216480136854866
1086,924217200.adj,31,0.32688172043010755,0.30006754546624853
1087,927846000.adj,31,0.2752688172043011,0.3484974716828228
1088,ant1_1.adj,88,0.03265412748171369,0.35901810616929486
1089,ant1_2.adj,71,0.04024144869215292,0.3689436730555284
1090,ant2_1.adj,70,0.034782608695652174,0.31825886841118406
1091,ant2_2.adj,68,0.038630377524143986,0.37194086981141555
1092,ant3_1.adj,11,0.4,0.3267037403318904
1093,ant3_2.adj,6,0.8,0.15572585222222238
1094,ant4_1.adj,30,0.09195402298850575,0.3422715479511037
1095,ant4_2.adj,29,0.10591133004926108,0.3950710531284675
1096,ants1.adj,29,0.08866995073891626,0.33527978538227254
1097,ants10.adj,24,0.10869565217391304,0.30200863813546724
1098,ants11.adj,28,0.11904761904761904,0.3073956290723379
1099,ants12.adj,30,0.09195402298850575,0.3398815022794489
1100,ants13.adj,30,0.0735632183908046,0.2512278973662062
1101,ants14.adj,33,0.08712121212121213,0.3409024733081561
1102,ants15.adj,30,0.10114942528735632,0.3691923321547563
1103,ants16.adj,27,0.13675213675213677,0.3764344627144793
1104,ants2.adj,24,0.11594202898550725,0.24102975168088858
1105,ants3.adj,28,0.06613756613756613,0.251321181709682
1106,ants4.adj,35,0.08571428571428572,0.37108345292355976
1107,ants5.adj,26,0.07384615384615385,0.23921244647395418
1108,ants6.adj,29,0.054187192118226604,0.20538139437316053
1109,ants7.adj,29,0.10591133004926108,0.3039760499594583
1110,ants8.adj,36,0.08412698412698413,0.33780842358248625
1111,ants9.adj,26,0.11076923076923077,0.3284429851459209
1112,baboons.adj,25,0.09333333333333334,0.31574949830406085
1113,bluetooth2.adj,73,0.031582952815829526,0.3348358409289799
1114,call2.adj,74,0.03850425768233987,0.37201061567558763
1115,call_center.adj,51,0.05019607843137255,0.3227716982954224
1116,cp_hospital.adj,72,0.03482003129890454,0.3829931664765663
1117,cp_office.adj,94,0.024708304735758406,0.3645584157897368
1118,diary.adj,48,0.028368794326241134,0.15853684032619836
1119,gallery12.adj,100,0.025252525252525252,0.394819510761696
1120,gallery18.adj,98,0.03008626130864717,0.4481702323276465
1121,gallery20.adj,95,0.02732362821948488,0.39991988774785003
1122,gallery30.adj,79,0.0347289840960727,0.44915361606220344
1123,gallery38.adj,89,0.028600612870275793,0.41174402677312644
1124,146.adj,24,0.1956521739130435,0.4171588758957023
1125,147_acct_recip.adj,29,0.29310344827586204,0.3819364724603014
1126,147_reject_any.adj,29,0.2413793103448276,0.445810650888049
1127,148.adj,18,0.19607843137254902,0.337584026534145
1128,151.adj,9,0.3055555555555556,0.15082341804232818
1129,152.adj,14,0.12087912087912088,0.22829538061755716
1130,153.adj,33,0.10416666666666667,0.3553374098311283
1131,154.adj,35,0.10756302521008404,0.42259822939327774
1132,155.adj,29,0.10591133004926108,0.42312956899303733
1133,157.adj,33,0.08333333333333333,0.3567764935674573
1134,158.adj,45,0.049494949494949494,0.3145803258982419
1135,159.adj,43,0.05647840531561462,0.3463463858176945
1136,160.adj,32,0.0907258064516129,0.35421101815447664
1137,162.adj,37,0.06156156156156156,0.34335383495729904
1138,163.adj,24,0.11956521739130435,0.3294383597500128
1139,171.adj,11,0.2727272727272727,0.31370452816738825
1140,174.adj,13,0.3333333333333333,0.3349127296303698
1141,265.adj,19,0.1286549707602339,0.29407152719470403
1142,266.adj,21,0.14761904761904762,0.31263483432586053
1143,267.adj,23,0.10276679841897234,0.2910298160731592
1144,268.adj,24,0.21014492753623187,0.38971352557815075
1145,269.adj,27,0.27350427350427353,0.39711946105059215
1146,270.adj,25,0.26666666666666666,0.28041839141015074
1147,271.adj,34,0.1265597147950089,0.39649657401879823
1148,272.adj,33,0.15151515151515152,0.4312761287435398
1149,273.adj,28,0.2037037037037037,0.34925067830834966
1150,275.adj,29,0.19950738916256158,0.40159159695613944
1151,276.adj,29,0.1748768472906404,0.333764058760102
1152,277.adj,27,0.23076923076923078,0.32119202328522195
1153,278.adj,29,0.19458128078817735,0.4680870277741591
1154,282.adj,8,0.6428571428571429,0.24250233458333328
1155,304.adj,11,0.34545454545454546,0.3350550444300144
1156,395.adj,31,0.07096774193548387,0.3302449087250324
1157,396.adj,25,0.10666666666666667,0.41599190008985987
1158,428.adj,14,0.7472527472527473,0.1587648166666668
1159,518.adj,24,0.20652173913043478,0.3866235001119415
1160,519.adj,20,0.19473684210526315,0.3254692444393801
1161,521.adj,30,0.17701149425287357,0.4851734677331347
1162,522.adj,28,0.17724867724867724,0.45565023874548183
1163,524.adj,8,0.6785714285714286,0.0651716529166668
1164,525.adj,8,0.6428571428571429,0.13000233458333338
1165,636.adj,26,0.2153846153846154,0.2788936076509966
1166,637.adj,29,0.14532019704433496,0.3394270368324579
1167,bkoff_BKOFFB.adj,40,0.30512820512820515,0.2767321974780032
1168,bktec_BKTECB.adj,34,0.31194295900178254,0.3091923899607088
1169,bott_cooperate.adj,11,0.32727272727272727,0.2672073168542571
1170,bott_imitate.adj,11,0.5272727272727272,0.26523306891774906
1171,bott_interfere.adj,11,0.8,0.10766143030303041
1172,bott_talk.adj,11,0.8363636363636363,0.1184982978787879
1173,bott_watch.adj,11,0.7818181818181819,0.060402313939394
1174,comm1.adj,71,0.08853118712273642,0.4414285780753365
1175,eies_NUMBER_OF_MESSAGES.adj,32,0.5362903225806451,0.37540714144097254
1176,eies_TIME_1.adj,32,0.7762096774193549,0.17063877846094888
1177,eies_TIME_2.adj,32,0.8669354838709677,0.11680204028769853
1178,ffe_WHO_ARE_YOUR_FRIENDS.adj,28,0.1746031746031746,0.4156092019270292
1179,ffe_WHO_INFLUENCES_YOU.adj,27,0.25071225071225073,0.4819509209306845
1180,ffe_WHO_IS_IN_THE_ELITE.adj,28,0.6613756613756614,0.24733272035769033
1181,fifth_.adj,22,0.3203463203463203,0.3156184672592056
1182,fourth_.adj,24,0.39492753623188404,0.2898569045414772
1183,gandg_greeting.adj,10,0.7555555555555555,0.23427603528571428
1184,gandg_grooming.adj,10,0.8888888888888888,0.07641593033333341
1185,highschl_TIME_1.adj,72,0.07081377151799687,0.5437566572658628
1186,highschl_TIME_2.adj,72,0.07902973395931143,0.41234387049159393
1187,jpr_.adj,92,0.11395126612517917,0.4584000508002832
1188,kapmine_KAPFMM.adj,14,0.2087912087912088,0.29525316892837333
1189,kapmine_KAPFMU.adj,15,0.23809523809523808,0.32001659924438547
1190,kaptail_KAPFTI1.adj,38,0.10810810810810811,0.4497731991758675
1191,kaptail_KAPFTI2.adj,38,0.13513513513513514,0.4773191528148175
1192,kaptail_KAPFTS1.adj,39,0.21322537112010798,0.41323698364421846
1193,kaptail_KAPFTS2.adj,39,0.300944669365722,0.3526451417521366
1194,krackfr_ACTO#10.adj,20,0.14736842105263157,0.3789128745991096
1195,krackfr_ACTO#18.adj,20,0.07368421052631578,0.15422395209141873
1196,krackfr_ACTOR#1.adj,20,0.18947368421052632,0.33609047899751543
1197,krackfr_ACTOR#11.adj,20,0.2578947368421053,0.37667759659335454
1198,krackfr_ACTOR#12.adj,20,0.09473684210526316,0.21943900887616907
1199,krackfr_ACTOR#13.adj,21,0.11904761904761904,0.3144006732949218
1200,krackfr_ACTOR#14.adj,20,0.2,0.42659685045669454
1201,krackfr_ACTOR#15.adj,20,0.10526315789473684,0.3186323441740706
1202,krackfr_ACTOR#16.adj,20,0.10526315789473684,0.29395233485590355
1203,krackfr_ACTOR#17.adj,20,0.15789473684210525,0.44072977261684415
1204,krackfr_ACTOR#19.adj,20,0.26842105263157895,0.43041987191264647
1205,krackfr_ACTOR#2.adj,20,0.07368421052631578,0.19298806873672733
1206,krackfr_ACTOR#20.adj,20,0.042105263157894736,0.09642456965760797
1207,krackfr_ACTOR#21.adj,20,0.1631578947368421,0.40956572357004173
1208,krackfr_ACTOR#3.adj,20,0.02631578947368421,0.07042178541766983
1209,krackfr_ACTOR#4.adj,20,0.13157894736842105,0.36610998790738025
1210,krackfr_ACTOR#5.adj,20,0.2578947368421053,0.4408427653599164
1211,krackfr_ACTOR#6.adj,20,0.10526315789473684,0.29857274003551926
1212,krackfr_ACTOR#7.adj,20,0.32105263157894737,0.4077949859611424
1213,krackfr_ACTOR#8.adj,20,0.021052631578947368,0.05528547341766985
1214,krackfr_ACTOR#9.adj,20,0.021052631578947368,0.05734429694708161
1215,krackht_ADVICE.adj,21,0.6904761904761905,0.2335771413151928
1216,krackht_FRIENDSHIP.adj,21,0.3761904761904762,0.3417376149363367
1217,krackht_REPORTS_TO.adj,21,0.09523809523809523,0.2604640244551465
1218,lazega_ADVICE.adj,71,0.2885311871227364,0.2549564898817466
1219,lazega_CO-WORK.adj,71,0.2921529175050302,0.2875062706529894
1220,lazega_FRIENDSHIP.adj,70,0.16521739130434782,0.394592556502407
1221,ox_kids_.adj,18,0.1830065359477124,0.3856511186432343
1222,padgett_PADGB.adj,15,0.14285714285714285,0.27502450595611805
1223,padgett_PADGM.adj,15,0.19047619047619047,0.3116941810395531
1224,pony_.adj,17,0.9485294117647058,0.04734360901960789
1225,sampson_SAMNPR.adj,17,0.25735294117647056,0.4003044768108442
1226,sampson_SAMPDES.adj,17,0.3602941176470588,0.3645353935001602
1227,sampson_SAMPDLK.adj,17,0.27941176470588236,0.31072750408624056
1228,sampson_SAMPES.adj,18,0.29411764705882354,0.3763886638272839
1229,sampson_SAMPIN.adj,18,0.2679738562091503,0.358793912539806
1230,sampson_SAMPLK1.adj,18,0.2679738562091503,0.33477973227562574
1231,sampson_SAMPLK2.adj,18,0.27450980392156865,0.2802223984816419
1232,sampson_SAMPLK3.adj,18,0.2679738562091503,0.2119144802437069
1233,sampson_SAMPNIN.adj,18,0.28104575163398693,0.34029399904126745
1234,sampson_SAMPPR.adj,18,0.20915032679738563,0.34279533387378064
1235,seventh_best_friends.adj,29,0.3103448275862069,0.3652121967477314
1236,seventh_get_on_with.adj,29,0.5911330049261084,0.1971381981798279
1237,seventh_work_with.adj,29,0.37438423645320196,0.37820575394386186
1238,swedish_.adj,15,0.1619047619047619,0.3088702289402451
1239,szcid_.adj,15,0.5714285714285714,0.17857113926984136
1240,third_.adj,22,0.5367965367965368,0.19750907412501667
1241,trade_CRUDE_MATERIALS.adj,24,0.7065217391304348,0.2590617993980124
1242,trade_DIPLOMATIC_EXCHANGE.adj,24,0.7210144927536232,0.2462078352164503
1243,trade_FOODS.adj,24,0.7282608695652174,0.23351133949120342
1244,trade_MANUFACTURED_GOODS.adj,24,0.7065217391304348,0.3093020105757236
1245,trade_MINERALS.adj,24,0.35144927536231885,0.4630113872254988
1246,ts_.adj,60,0.05310734463276836,0.43579259665673203
1247,wiring_RDCON.adj,13,0.24358974358974358,0.36626461151054074
1248,wiring_RDGAM.adj,13,0.358974358974359,0.3238890031909974
1249,wiring_RDHLP.adj,13,0.28205128205128205,0.27368955337969747
1250,wiring_RDJOB.adj,13,0.08974358974358974,0.15304679044246353
1251,wiring_RDNEG.adj,13,0.24358974358974358,0.3763566562179704
1252,wiring_RDPOS.adj,13,0.16666666666666666,0.2619194420424874
1253,flagstaff.adj,86,0.08508891928864569,0.5021264117253216
1254,arayawienergraph88.adj,88,0.034482758620689655,0.2171082335979294
1255,balaban_10cage.adj,70,0.043478260869565216,0.14525379074551695
1256,bidiakis_cube.adj,12,0.2727272727272727,0.13783000432539702
1257,brinkmanngraph.adj,21,0.2,0.16842480347472652
1258,chilakamarrimothgraph.adj,47,0.08233117483811286,0.42489063431110863
1259,chvatal.adj,12,0.36363636363636365,0.13407186023809542
1260,clebschgraph.adj,16,0.3333333333333333,0.17874638985119062
1261,complete9graphsympletic7cover.adj,63,0.12903225806451613,0.16435253819032608
1262,contiguoususagraph.adj,49,0.09098639455782313,0.3349238715839107
1263,conwaysmithgraph.adj,63,0.16129032258064516,0.15768969002497127
1264,cremonarichmondconfigurationgraph.adj,15,0.2857142857142857,0.20083135693891313
1265,cuboctahedrallinegraph.adj,24,0.2608695652173913,0.1895869029378955
1266,decagonmycielskiangraph.adj,21,0.19047619047619047,0.2573884918680823
1267,deltoidalicositetrahedralgraph.adj,26,0.1476923076923077,0.258087165416724
1268,desargues.adj,20,0.15789473684210525,0.14901876346775447
1269,disdyakisdodecahedralgraph.adj,26,0.22153846153846155,0.27800703199267074
1270,dodecahedral.adj,20,0.15789473684210525,0.15656406538805653
1271,dorograph.adj,68,0.1791044776119403,0.18443118585184531
1272,doublestarsnark.adj,30,0.10344827586206896,0.1785995041169816
1273,doylegraph.adj,27,0.15384615384615385,0.21491735780229235
1274,duerergraph.adj,12,0.2727272727272727,0.1289014328968255
1275,dyck.adj,32,0.0967741935483871,0.1573500520906579
1276,edgeexcisedcoxetergraph.adj,26,0.12,0.16336102769265004
1277,ellinghamhortongraph78.adj,78,0.03896103896103896,0.23201365560039905
1278,erreragraph.adj,17,0.33088235294117646,0.1289010832212886
1279,exooismailescugraph17.adj,17,0.22794117647058823,0.21645401938355782
1280,exooismailescugraph21core.adj,11,0.32727272727272727,0.23275565740259746
1281,f26a.adj,26,0.12,0.15570457447028832
1282,faulkneryoungergraph44.adj,44,0.06976744186046512,0.20433519985554494
1283,flowersnarkj5.adj,20,0.15789473684210525,0.17982871740270842
1284,folkmangraph.adj,20,0.21052631578947367,0.24964878434532128
1285,foster.adj,90,0.033707865168539325,0.15185300018432626
1286,foster050a.adj,50,0.061224489795918366,0.20549439568506145
1287,foster056a.adj,56,0.05454545454545454,0.2085834190715882
1288,foster056b.adj,56,0.05454545454545454,0.18435839962364836
1289,foster056c.adj,56,0.05454545454545454,0.18946155431833397
1290,foster062a.adj,62,0.04918032786885246,0.18708765148894926
1291,foster072a.adj,72,0.04225352112676056,0.19249303919129115
1292,foster074a.adj,74,0.0410958904109589,0.1714085149447395
1293,foster078a.adj,78,0.03896103896103896,0.1950314752295918
1294,foster080a.adj,80,0.0379746835443038,0.19368654743815092
1295,foster086a.adj,86,0.03529411764705882,0.17069297571462458
1296,foster096a.adj,96,0.031578947368421054,0.1826482144804944
1297,foster096b.adj,96,0.031578947368421054,0.23649010619211866
1298,foster098a.adj,98,0.030927835051546393,0.17671037385792876
1299,foster098b.adj,98,0.030927835051546393,0.21298090660665195
1300,fostercage.adj,30,0.1724137931034483,0.21461141701988443
1301,franklingraph.adj,12,0.2727272727272727,0.15681148580687856
1302,frucht.adj,12,0.2727272727272727,0.11699667099206368
1303,georgesgraph.adj,50,0.061224489795918366,0.1927891957786904
1304,gewirtzcone.adj,57,0.21052631578947367,0.18085159182632055
1305,gewirtzgraph.adj,56,0.18181818181818182,0.16723357810893338
1306,goldbergsnark5.adj,40,0.07692307692307693,0.20364766604964152
1307,goldbergsnark7.adj,56,0.05454545454545454,0.20632897523975155
1308,goldnerhararygraph.adj,11,0.4909090909090909,0.3344111616883118
1309,golombgraph.adj,10,0.4,0.1773329866666668
1310,gossetdistance2graph.adj,56,0.4909090909090909,0.12355659704886664
1311,gossetgraph.adj,56,0.4909090909090909,0.04317456891156465
1312,gray.adj,54,0.05660377358490566,0.15554071456241889
1313,greatrhombicuboctahedralgraph.adj,48,0.06382978723404255,0.17265886018281693
1314,greatrhombicuboctahedrallinegraph.adj,72,0.056338028169014086,0.21345123869485788
1315,grinberggraph42.adj,42,0.07317073170731707,0.20950592587897102
1316,grinberggraph44.adj,44,0.06976744186046512,0.2539624503889734
1317,grinberggraph46.adj,46,0.06666666666666667,0.21357323083380014
1318,groetzschgraph.adj,11,0.36363636363636365,0.19326568112554118
1319,hallgraph.adj,65,0.15625,0.14785384017323452
1320,halljankograph.adj,100,0.36363636363636365,0.060326423341847075
1321,halvedfostergraph.adj,45,0.13636363636363635,0.19882098109935104
1322,harborthgraph.adj,52,0.0784313725490196,0.28964274258710226
1323,harries.adj,70,0.043478260869565216,0.1396711006764474
1324,harriesgraph.adj,70,0.043478260869565216,0.17063603377138112
1325,harrieswonggraph.adj,70,0.043478260869565216,0.18376195917324878
1326,harries_wong.adj,70,0.043478260869565216,0.1533963595470801
1327,hatzelgraph.adj,57,0.05513784461152882,0.23188721417048982
1328,heawood.adj,14,0.23076923076923078,0.14364065281179147
1329,heawoodfourcolorgraph.adj,25,0.23,0.18615589426529022
1330,herschelgraph.adj,11,0.32727272727272727,0.2424959171428573
1331,hexacodegraph.adj,36,0.17142857142857143,0.26067198214899695
1332,higmansimsgraph.adj,100,0.2222222222222222,0.16428739593620928
1333,hochbergodonnellfishgraph.adj,23,0.16600790513833993,0.3448254266109671
1334,hochbergodonnellstargraph.adj,45,0.08585858585858586,0.3774287478144116
1335,hoffmangraph.adj,16,0.26666666666666666,0.22553705259920634
1336,hoffmansingletonbipartitedoublegraph.adj,100,0.0707070707070707,0.3440010348691175
1337,hoffmansingletoncocliquesgraph.adj,100,0.15151515151515152,0.38058117929431584
1338,hoffmansingletoncomplementgraph.adj,50,0.8571428571428571,0.014771610066666684
1339,hoffmansingletongraph.adj,50,0.14285714285714285,0.16609558251524167
1340,hoffmansingletonminusstargraph.adj,42,0.14634146341463414,0.18766114172025766
1341,hortongraph92.adj,92,0.03296703296703297,0.19138509016044408
1342,icosahedral.adj,12,0.45454545454545453,0.07586358888888904
1343,icosahedrallinegraph.adj,30,0.27586206896551724,0.11320738668061564
1344,kittellgraph.adj,23,0.2490118577075099,0.1474857080914738
1345,krackhardt_kite.adj,10,0.4,0.20590441523809533
1346,kummergraph.adj,32,0.1935483870967742,0.25069053623283594
1347,loupekinessnark1.adj,22,0.14285714285714285,0.17818385099330578
1348,loupekinessnark2.adj,22,0.14285714285714285,0.17818385099330578
1349,m22graph.adj,77,0.21052631578947367,0.11937511342112525
1350,markstroemgraph.adj,24,0.13043478260869565,0.1905425904660573
1351,mcgee.adj,24,0.13043478260869565,0.16186042793617797
1352,meredithgraph.adj,70,0.057971014492753624,0.3206819881929316
1353,moebius_kantor.adj,16,0.2,0.1497506361156205
1354,nauru.adj,24,0.13043478260869565,0.15756553301628293
1355,nonuniquelythreecolorablegraph1.adj,12,0.3333333333333333,0.2004223069179897
1356,nonuniquelythreecolorablegraph2.adj,12,0.30303030303030304,0.18275270525132295
1357,octahedral.adj,6,0.8,0.05850363000000001
1358,octahedrallinegraph.adj,12,0.5454545454545454,0.06689996138888894
1359,odonnellgraph40.adj,40,0.10256410256410256,0.29221737568556433
1360,pappus.adj,18,0.17647058823529413,0.15513276194126882
1361,paschgraph.adj,10,0.26666666666666666,0.16675360985714302
1362,pentagonalhexecontahedralgraph.adj,92,0.0358337314859054,0.2754374082009688
1363,pentakisdodecahedralgraph.adj,32,0.1814516129032258,0.23651992553156814
1364,perkelgraph.adj,57,0.10714285714285714,0.21414114441609436
1365,petersen.adj,10,0.3333333333333333,0.08921758261904758
1366,petersencone.adj,11,0.45454545454545453,0.17984822121212135
1367,poussingraph.adj,15,0.37142857142857144,0.20036266120634938
1368,propane.adj,11,0.18181818181818182,0.22676188024531052
1369,reyelinegraph.adj,28,0.12698412698412698,0.27136512926320006
1370,rhombictriacontahedralgraph.adj,32,0.12096774193548387,0.33090201106288786
1371,robertsongraph.adj,19,0.2222222222222222,0.2059223019867852
1372,rollingcubegraph.adj,24,0.17391304347826086,0.2437912824222156
1373,schlaeflidoublesixesgraph.adj,42,0.06968641114982578,0.3089438607473789
1374,schlaefligraph.adj,27,0.6153846153846154,0.06664108197530864
1375,sedgewick_maze.adj,8,0.35714285714285715,0.18216213666666686
1376,shrikhandegraph.adj,16,0.4,0.08383928250000013
1377,smallest_zero_symmetric.adj,18,0.17647058823529413,0.15513276194126882
1378,smallrhombicosidodecahedralgraph.adj,60,0.06779661016949153,0.2491608820705636
1379,smallrhombicuboctahedralgraph.adj,24,0.17391304347826086,0.22108193838934223
1380,snubcubicallinegraph.adj,60,0.13559322033898305,0.13062533852257444
1381,snubdodecahedralgraph.adj,60,0.0847457627118644,0.18415879091808274
1382,sousseliergraph.adj,16,0.225,0.18834494620220066
1383,starpolyiamondgraph.adj,13,0.3076923076923077,0.2824149652380953
1384,suetakegraph.adj,72,0.16901408450704225,0.34032086011884705
1385,sylvestergraph.adj,36,0.14285714285714285,0.20328039497436554
1386,szekeressnark.adj,50,0.061224489795918366,0.2093243336329418
1387,tetrahedronreplacedpetersenlinegraph.adj,60,0.06779661016949153,0.2870453390567995
1388,thomassengraph20.adj,20,0.1736842105263158,0.2482538346225084
1389,thomassengraph32.adj,32,0.10685483870967742,0.34054245067758826
1390,thomassengraph34.adj,34,0.09269162210338681,0.33834008940778615
1391,thomassengraph41.adj,41,0.07804878048780488,0.35010923143382044
1392,thomassengraph60.adj,60,0.05593220338983051,0.29824058560770794
1393,thomassengraph94.adj,94,0.03225806451612903,0.2150750118603307
1394,tietzegraph.adj,12,0.2727272727272727,0.13038952813492077
1395,tilleygraph.adj,12,0.4393939393939394,0.12108368694444442
1396,triakisicosahedralgraph.adj,32,0.1814516129032258,0.46265987101658446
1397,trianglereplacedcoxetergraph.adj,84,0.03614457831325301,0.21089528560517692
1398,truncateddodecahedralgraph.adj,60,0.05084745762711865,0.208436876558085
1399,truncateddodecahedrallinegraph.adj,90,0.0449438202247191,0.24339652910100962
1400,truncatedicosahedralgraph.adj,60,0.05084745762711865,0.20858061579427928
1401,truncatedicosahedrallinegraph.adj,90,0.0449438202247191,0.2112989914776365
1402,truncatedprismgraph.adj,18,0.17647058823529413,0.1719309329061063
1403,truncatedtetrahedralgraph.adj,12,0.2727272727272727,0.13551518951058225
1404,truncatedtetrahedrallinegraph.adj,18,0.23529411764705882,0.14213036603334925
1405,truncated_cubical.adj,24,0.13043478260869565,0.206540074986181
1406,truncated_dodecahedral.adj,60,0.05084745762711865,0.23515215595052683
1407,truncated_octahedral.adj,24,0.13043478260869565,0.1720887948063791
1408,tutte.adj,46,0.06666666666666667,0.2594746008142399
1409,tutte_coexter.adj,30,0.10344827586206896,0.14561264601065924
1410,twooctahedra.adj,12,0.36363636363636365,0.34460276451899935
1411,uniquelythreecolorablegraph.adj,12,0.3333333333333333,0.164079714325397
1412,walthergraph.adj,25,0.10333333333333333,0.20928807166812238
1413,watkinssnark.adj,50,0.061224489795918366,0.2273205109965765
1414,wellsgraph.adj,32,0.16129032258064516,0.20458692601566542
1415,wienerarayagraph.adj,42,0.07781649245063879,0.23768700865775932
1416,wonggraph.adj,30,0.1724137931034483,0.20605279154949416
1417,zamfirescugraph75.adj,75,0.043243243243243246,0.3761251315423953
1418,Attiro.adj,60,0.07231638418079096,0.4016218091483108
1419,Chesapeake.adj,39,0.22941970310391363,0.4642671838975846
1420,ChesLower.adj,37,0.25075075075075076,0.5247148096968247
1421,ChesMiddle.adj,37,0.2972972972972973,0.4827309911886249
1422,ChesUpper.adj,37,0.2987987987987988,0.45516981579467924
1423,CrystalC.adj,24,0.41304347826086957,0.3978120031085637
1424,CrystalD.adj,24,0.3333333333333333,0.5003791267158771
1425,Everglades.adj,69,0.3751065643648764,0.4389273029380991
1426,Flying_teams_neg.adj,48,0.11081560283687943,0.4786757842411946
1427,Flying_teams_pos.adj,48,0.15070921985815602,0.3845797807859051
1428,Maspalomas.adj,24,0.27898550724637683,0.37802412217602405
1429,Michigan.adj,39,0.28205128205128205,0.5238590317734048
1430,Mondego.adj,46,0.3458937198067633,0.4674359638628717
1431,Narragan.adj,35,0.34285714285714286,0.45569622204182825
1432,Rhode.adj,19,0.2631578947368421,0.4069808960766755
1433,StMarks.adj,54,0.2445842068483578,0.3796593301512355
1434,dining_table_partners.adj,26,0.12923076923076923,0.3281211576526377
1435,galesburg.adj,17,0.19852941176470587,0.38180518255934015
1436,galesburg2_discussion.adj,31,0.14408602150537633,0.4264481542815071
1437,galesburg2_friends.adj,31,0.13548387096774195,0.42261719101602646
1438,hi_tech.adj,36,0.14444444444444443,0.4719004474193738
1439,korea1.adj,38,0.09815078236130868,0.49020387916484315
1440,korea2.adj,38,0.11948790896159317,0.42778404685649873
1441,literature_1976.adj,35,0.13445378151260504,0.4135076298466285
1442,mexican_power.adj,35,0.19663865546218487,0.3787492413526321
1443,modmath.adj,34,0.10873440285204991,0.34902589118503935
1444,sanjuansur.adj,75,0.055855855855855854,0.4182953473897481
1445,sanjuansur_death.adj,75,0.05189189189189189,0.397212307790542
1446,sawmill.adj,36,0.09841269841269841,0.4409561299644976
1447,strike.adj,24,0.13768115942028986,0.36754018553877493
1448,student_government.adj,11,0.5818181818181818,0.18666916515151508
1449,a1.adj,31,0.08172043010752689,0.2595667427957679
1450,a2.adj,55,0.05656565656565657,0.3583026451043637
1451,a3.adj,38,0.07254623044096728,0.31188415511412265
1452,a4.adj,55,0.0531986531986532,0.3413558396063519
1453,b1.adj,35,0.05714285714285714,0.28094718762404486
1454,b2.adj,58,0.049606775559588624,0.3249816703323496
1455,b3.adj,54,0.04472396925227114,0.27968749300350687
1456,b4.adj,84,0.037292025243832475,0.35452756252596895
1457,c1.adj,52,0.05656108597285068,0.31460570228341833
1458,c2.adj,49,0.05102040816326531,0.30907614906535336
1459,c3.adj,39,0.0728744939271255,0.3181529428238674
1460,c4.adj,91,0.03223443223443224,0.3023784234895853
1461,e1.adj,79,0.03570269393054203,0.33506848853253063
1462,e2.adj,92,0.03153368370759675,0.33470533893294596
1463,e3.adj,65,0.04278846153846154,0.3153437838928019
1464,f1.adj,88,0.030564263322884012,0.31402957834031264
1465,f2.adj,89,0.03089887640449438,0.34959902189626013
1466,g4.adj,37,0.05405405405405406,0.23988478184613155
1467,h1.adj,48,0.03634751773049645,0.2343610591456425
1468,h3.adj,74,0.042206590151795634,0.3298679947971213
1469,i1.adj,35,0.07058823529411765,0.28329263593791887
1470,i2.adj,76,0.034035087719298245,0.3284466438573867
1471,i3.adj,38,0.04551920341394026,0.24424499971629232
1472,j1.adj,91,0.02197802197802198,0.2539617012981467
1473,j2.adj,29,0.0812807881773399,0.3013708679097437
1474,j3.adj,41,0.07195121951219512,0.3325454131484633
1475,j4.adj,60,0.03954802259887006,0.32990636497169007
1476,k1.adj,36,0.10158730158730159,0.3439721411907832
1477,k2.adj,39,0.0620782726045884,0.26691951819147175
1478,k3.adj,41,0.0524390243902439,0.29129857859367003
1479,k4.adj,67,0.03889642695612845,0.34597125094593206
1480,l1.adj,18,0.1111111111111111,0.25136073956775273
1481,l3.adj,87,0.031542368350708366,0.33775382112391966
1482,l4.adj,21,0.09523809523809523,0.2835142971958217
1483,m2.adj,29,0.08374384236453201,0.26796585814545426
1484,m3.adj,21,0.10476190476190476,0.26570015165471
1485,n1.adj,65,0.04278846153846154,0.32777563194922393
1486,n3.adj,62,0.047593865679534636,0.31254468401519353
1487,n4.adj,56,0.03441558441558441,0.270170300513422
1488,bangladesh.adj,60,0.03446327683615819,0.22174240541115162
1489,belarus.adj,58,0.04053236539624924,0.3009207656103415
1490,BULGARIA.adj,85,0.02689075630252101,0.26252385231981307
1491,chile.adj,62,0.033315705975674244,0.25844339590869697
1492,colombia.adj,37,0.05555555555555555,0.24196884374838049
1493,croatia.adj,56,0.03961038961038961,0.26524517612812526
1494,cuba.adj,75,0.03423423423423423,0.33617209939504294
1495,denmark.adj,80,0.029746835443037974,0.2739115841170992
1496,finland.adj,97,0.02298109965635739,0.28058845839557844
1497,ghana.adj,23,0.10276679841897234,0.24698658136979112
1498,greece.adj,51,0.04,0.21244610236974415
1499,iran.adj,54,0.04472396925227114,0.2895056519222215
1500,iraq.adj,15,0.14285714285714285,0.13349677442838656
1501,ireland.adj,47,0.04810360777058279,0.26079133125717124
1502,KAZAKHSTAN.adj,61,0.0366120218579235,0.24299230323413717
1503,korea_north.adj,69,0.036231884057971016,0.25852312885893675
1504,korea_south.adj,55,0.04915824915824916,0.34998369991224115
1505,kosovo.adj,75,0.032432432432432434,0.29331218738202464
1506,latvia.adj,30,0.07816091954022988,0.2949643990741816
1507,lithuania.adj,41,0.054878048780487805,0.24671090288075512
1508,luxembourg.adj,23,0.09486166007905138,0.26368319803047907
1509,moldova.adj,29,0.07389162561576355,0.22800374413913624
1510,myanmar.adj,43,0.06090808416389812,0.26573146556252986
1511,norway.adj,43,0.04983388704318937,0.23373597114862263
1512,PAKISTAN.adj,78,0.032301032301032304,0.2781835946706509
1513,portugal.adj,73,0.030060882800608826,0.24793813693125363
1514,SERBIA_and_MONTENEGRO.adj,80,0.030379746835443037,0.2720549116931619
1515,slovakia.adj,83,0.031442844548927415,0.3015941590746357
1516,slovenia.adj,45,0.046464646464646465,0.23751716322152933
1517,tunisia.adj,41,0.05975609756097561,0.24270764077324905
1518,turkmenistan.adj,21,0.10952380952380952,0.2715250203958438
1519,uzbekistan.adj,30,0.06896551724137931,0.23683471734069242
1520,venezuela.adj,27,0.06837606837606838,0.2327820744679031
1521,3x3.adj,9,0.5,0.06342923148148157
1522,3x3aper.adj,9,0.3333333333333333,0.08700253925925923
1523,4x4.adj,16,0.26666666666666666,0.21246887078102472
1524,4x4aper.adj,16,0.2,0.22478220177218614
1525,5x5.adj,25,0.16666666666666666,0.18283741021192426
1526,5x5aper.adj,25,0.13333333333333333,0.17905980398454283
1527,6x6.adj,36,0.11428571428571428,0.20465967616036834
1528,6x6aper.adj,36,0.09523809523809523,0.2452469629198538
1529,7x7.adj,49,0.08333333333333333,0.1984673996322505
1530,7x7aper.adj,49,0.07142857142857142,0.22596731170461318
1531,8x8.adj,64,0.06349206349206349,0.2218565357184032
1532,8x8aper.adj,64,0.05555555555555555,0.24170135566786882
1533,9x9.adj,81,0.05,0.20280618099441938
1534,9x9aper.adj,81,0.044444444444444446,0.2348922876975215
1535,ash85.adj,85,0.06134453781512605,0.31222767158645065
1536,can_62.adj,62,0.041248016922263354,0.24562684120818823
1537,can_73.adj,73,0.0578386605783866,0.42504326100638035
1538,cat_ears_2_1.adj,85,0.06778711484593837,0.3233980219580488
1539,ch3-3-b1.adj,18,0.2222222222222222,0.3433201714282632
1540,ch4-4-b1.adj,72,0.0539906103286385,0.4749538465157068
1541,dwt_66.adj,66,0.05920745920745921,0.2821398774390358
1542,dwt_72.adj,72,0.029342723004694836,0.2573593543934957
1543,dwt_87.adj,87,0.060678962844159315,0.4696504982649429
1544,d_dyn.adj,87,0.060144346431435444,0.3192617103399582
1545,GD02_b.adj,80,0.07341772151898734,0.31323347132594115
1546,GD96_c.adj,65,0.06009615384615385,0.33452889128965596
1547,GD97_a.adj,84,0.047619047619047616,0.2443484451664722
1548,GlossGT.adj,67,0.05336951605608322,0.456453653617021
1549,IG5-6.adj,70,0.10393374741200828,0.4666270084958224
1550,krackhardt_kite.adj,10,0.4,0.20590441523809533
1551,lpi_woodinfe.adj,89,0.035240040858018386,0.363613440904232
1552,lp_kb2.adj,68,0.12906057945566285,0.46101437302877546
1553,lp_sc50a.adj,78,0.051615051615051616,0.39116501374609014
1554,lp_sc50b.adj,78,0.047619047619047616,0.3683554362264935
1555,moreno_1st.adj,9,0.3611111111111111,0.2901516175132277
1556,nos4.adj,100,0.0498989898989899,0.37908882959873563
1557,olm100.adj,100,0.0397979797979798,0.3338280377303513
1558,refine.adj,62,0.06557377049180328,0.477823231515866
1559,rt-retweet.adj,96,0.025657894736842105,0.363078642027346
1560,sedgewick_maze.adj,8,0.35714285714285715,0.18216213666666686
1561,sphere2.adj,66,0.08951048951048951,0.2291658964686223
1562,tub100.adj,100,0.0298989898989899,0.3378807429863924
1563,145.adj,24,0.13768115942028986,0.44902401822250826
1564,146.adj,24,0.1956521739130435,0.4171588758957023
1565,147_acct_recip.adj,29,0.29310344827586204,0.3819364724603014
1566,147_reject_any.adj,29,0.2413793103448276,0.445810650888049
1567,148.adj,18,0.19607843137254902,0.337584026534145
1568,151.adj,9,0.3055555555555556,0.15082341804232818
1569,152.adj,14,0.12087912087912088,0.22829538061755716
1570,153.adj,33,0.10416666666666667,0.3553374098311283
1571,154.adj,35,0.10756302521008404,0.42259822939327774
1572,155.adj,29,0.10591133004926108,0.42312956899303733
1573,157.adj,33,0.08333333333333333,0.3567764935674573
1574,158.adj,45,0.049494949494949494,0.3145803258982419
1575,159.adj,43,0.05647840531561462,0.3463463858176945
1576,160.adj,32,0.0907258064516129,0.35421101815447664
1577,161.adj,55,0.04511784511784512,0.3373591512894061
1578,162.adj,37,0.06156156156156156,0.34335383495729904
1579,163.adj,24,0.11956521739130435,0.3294383597500128
1580,171.adj,11,0.2727272727272727,0.31370452816738825
1581,174.adj,13,0.3333333333333333,0.3349127296303698
1582,265.adj,19,0.1286549707602339,0.29407152719470403
1583,266.adj,21,0.14761904761904762,0.31263483432586053
1584,267.adj,23,0.10276679841897234,0.2910298160731592
1585,268.adj,24,0.21014492753623187,0.38971352557815075
1586,269.adj,27,0.27350427350427353,0.39711946105059215
1587,270.adj,25,0.26666666666666666,0.28041839141015074
1588,271.adj,34,0.1265597147950089,0.39649657401879823
1589,272.adj,33,0.15151515151515152,0.4312761287435398
1590,273.adj,28,0.2037037037037037,0.34925067830834966
1591,275.adj,29,0.19950738916256158,0.40159159695613944
1592,276.adj,29,0.1748768472906404,0.333764058760102
1593,277.adj,27,0.23076923076923078,0.32119202328522195
1594,278.adj,29,0.19458128078817735,0.4680870277741591
1595,282.adj,8,0.6428571428571429,0.24250233458333328
1596,304.adj,11,0.34545454545454546,0.3350550444300144
1597,395.adj,31,0.07096774193548387,0.3302449087250324
1598,396.adj,25,0.10666666666666667,0.41599190008985987
1599,397.adj,56,0.024675324675324677,0.16568619557591532
1600,428.adj,14,0.7472527472527473,0.1587648166666668
1601,518.adj,24,0.20652173913043478,0.3866235001119415
1602,519.adj,20,0.19473684210526315,0.3254692444393801
1603,521.adj,30,0.17701149425287357,0.4851734677331347
1604,522.adj,28,0.17724867724867724,0.45565023874548183
1605,524.adj,8,0.6785714285714286,0.0651716529166668
1606,525.adj,8,0.6428571428571429,0.13000233458333338
1607,636.adj,26,0.2153846153846154,0.2788936076509966
1608,637.adj,29,0.14532019704433496,0.3394270368324579
