,0,1,2,3
0,10_19.adj,10,0.4444444444444444,0.0006935157142857528
1,birdtrade_a.adj,42,0.07897793263646923,0.00463915345553389
2,birdtrade_b.adj,39,0.07152496626180836,-0.0058750996174213
3,birdtrade_c.adj,34,0.08199643493761141,0.019256392910520326
4,dolphin.adj,62,0.08408249603384453,0.0815602312751401
5,drugspider_chloralhydrate.adj,52,0.048265460030165915,0.06975265342661124
6,earth_moon_mars.adj,16,0.475,0.08611030855248936
7,east_europe_rr.adj,45,0.09191919191919191,0.07221830769181552
8,farmer.adj,80,0.024367088607594938,-0.03305332112093432
9,frozen.adj,52,0.032428355957767725,0.029642253222286495
10,game_of_thrones.adj,79,0.038299253489126904,0.09985293832330756
11,grape.adj,54,0.055904961565338925,0.09022990207133691
12,hiv.adj,40,0.052564102564102565,-0.01861092685116076
13,iceland.adj,75,0.04108108108108108,0.003785370619548149
14,karate.adj,34,0.13903743315508021,0.03985450275737736
15,latora_kindergarden.adj,16,0.325,0.06976559280226724
16,levi_strauss_myth1.adj,27,0.09971509971509972,0.07322079651783721
17,lrock.adj,92,0.22933588150979456,0.027234599899756053
18,madrid_terrorist.adj,64,0.12053571428571429,0.1256960914000575
19,morrissey_godparent.adj,43,0.048726467331118496,-0.08187033645440128
20,mouse_visual_cortex1.adj,29,0.10837438423645321,0.0034546996898509193
21,nuclear.adj,47,0.0841813135985199,0.04089924295271123
22,pdist.adj,76,0.03368421052631579,0.02525620882373055
23,pitts.adj,40,0.06666666666666667,-0.006811944967387601
24,prison.adj,62,0.0449497620306716,0.08854874862806393
25,s50_1.adj,49,0.06292517006802721,0.18428012004982056
26,s50_2.adj,50,0.06612244897959184,0.1385997113934908
27,s50_3.adj,50,0.06285714285714286,0.3286521369223662
28,Sandi_authors.adj,86,0.03392612859097127,0.10291483755886988
29,sociologists.adj,28,0.082010582010582,0.04940620238403278
30,taro.adj,22,0.16883116883116883,0.0063241110154802944
31,test_disconnected.adj,8,0.25,0.04072144321428581
32,tokstoy_rr.adj,30,0.06896551724137931,0.025720039804264423
33,traficking.adj,86,0.029274965800273597,0.074054209918816
34,usa.adj,49,0.09098639455782313,0.1049243605588936
35,weevil.adj,19,0.1286549707602339,-0.04083855421222045
36,windsurfers.adj,43,0.37209302325581395,0.01454993751181641
37,word_of_mouth.adj,38,0.07254623044096728,0.0263078736813139
38,zebra.adj,27,0.3162393162393162,0.20436773203770223
39,adelaide_tram.adj,56,0.03506493506493506,0.1439304391235842
40,athens_subway.adj,61,0.033879781420765025,0.09383826785930958
41,athens_tram.adj,49,0.04251700680272109,0.12735223254468145
42,bordeaux_ferry.adj,5,0.6,-0.018599555333333306
43,brisbane_ferry.adj,31,0.07526881720430108,0.07481568229379718
44,helsinki_rail.adj,75,0.0363963963963964,0.1474396663558798
45,helsinki_subway.adj,19,0.11695906432748537,0.03539299808601107
46,lisbon_rail.adj,65,0.032692307692307694,0.15315604602306462
47,lisbon_subway.adj,50,0.04244897959183674,0.058031044599741816
48,luxembourg_rail.adj,43,0.06201550387596899,0.06109380522563013
49,rennes_subway.adj,29,0.06896551724137931,0.07301417867047072
50,sydney_ferry.adj,81,0.04506172839506173,0.20874026199397694
51,sydney_tram.adj,44,0.046511627906976744,0.10193824550390981
52,toulouse_subway.adj,40,0.04871794871794872,0.12351568166370377
53,toulouse_tram.adj,52,0.03996983408748114,0.08360183459975036
54,venice_tram.adj,70,0.02981366459627329,0.09442367574829234
55,1020clc.adj,44,0.10676532769556026,0.06009138187570853
56,11-64.adj,12,0.19696969696969696,-0.007535669523809481
57,AmadMyJn12-10.adj,76,0.07473684210526316,0.023752802890775884
58,AmadMyJn12-11.adj,65,0.07788461538461539,0.0023421789401755775
59,AmadMyJn12-20.adj,18,0.21568627450980393,-0.01773596195503107
60,AmadMyJn12-26.adj,43,0.07751937984496124,-0.005502545570790274
61,AmadMyJn12-27.adj,7,0.2857142857142857,-0.03797537904761905
62,AmadMyJn12-28.adj,48,0.0851063829787234,0.017265723679926275
63,AmadMyJn12-36.adj,19,0.1871345029239766,-0.00018531184763974582
64,AmadMyJn12-5.adj,34,0.11051693404634581,0.04190320310903064
65,AmadMyJn12-50.adj,16,0.225,-0.01687583822170874
66,AmadMyJn12-51.adj,15,0.18095238095238095,-0.02706720293684093
67,AmadMyJn12-6.adj,58,0.06352087114337568,0.019909527084714083
68,Amador10-25.adj,31,0.0989247311827957,0.04148054364932583
69,Amador10-26.adj,13,0.1794871794871795,-0.01881144883782872
70,Amador10-27.adj,44,0.08562367864693446,0.05985005148005149
71,Amador10-28.adj,33,0.09659090909090909,0.07031959053597829
72,Amador10-29.adj,42,0.06852497096399536,0.10216255394948498
73,Amador10-30.adj,31,0.0989247311827957,0.07529788229610038
74,Amador10-31.adj,27,0.1168091168091168,0.006136657867109902
75,Amador10-32.adj,7,0.3333333333333333,-0.04798243190476175
76,Amador10-33.adj,15,0.1523809523809524,0.02812729540030345
77,Amador10-34.adj,40,0.10512820512820513,0.06646054951407028
78,Amador10-35.adj,34,0.0944741532976827,0.06698427572347447
79,Amador10-42.adj,11,0.18181818181818182,-0.009965031731601655
80,Amador10-43.adj,4,0.8333333333333334,-0.001249077500000001
81,Amador10-62.adj,13,0.19230769230769232,0.04993375060606065
82,Amador10-63.adj,44,0.0708245243128964,0.0744981870193113
83,BHGB10-18.adj,26,0.09538461538461539,-0.014783791161530314
84,BHGB10-19.adj,24,0.12318840579710146,-0.030382831577573027
85,BHGB10-20.adj,25,0.1,-0.009114359251929237
86,BHGB10-21.adj,48,0.07801418439716312,0.03123719523460555
87,BHGB10-42.adj,9,0.2222222222222222,-0.013825160793650778
88,BHGB11-11.adj,47,0.08880666049953746,0.009997890930583717
89,BHGB11-13.adj,46,0.07149758454106281,0.004337816767304189
90,BHGB11-25.adj,30,0.12643678160919541,-0.024384270728122135
91,BHGB11-26.adj,44,0.12156448202959831,0.0035969536286848667
92,BHGB11-27.adj,36,0.14126984126984127,0.016694723833266367
93,BHGB11-28.adj,25,0.11,-0.029464570038622857
94,BHGB11-29.adj,41,0.12804878048780488,0.016051423237640017
95,BHGB11-30.adj,31,0.12473118279569892,0.0026906085129253595
96,BHGB11-31.adj,35,0.15126050420168066,0.002006979185611724
97,BHGB11-55.adj,7,0.2857142857142857,-0.03628490285714286
98,BHGB11-56.adj,14,0.26373626373626374,-0.022836609465217206
99,BHGB11-57.adj,20,0.19473684210526315,-0.04644415709716413
100,BHGB11-59.adj,14,0.27472527472527475,-0.02044705319315596
101,CATH1.adj,84,0.04561101549053356,0.006511460757590737
102,CATH2.adj,42,0.06968641114982578,-0.007281450170506707
103,CATH3.adj,40,0.0782051282051282,-0.0019864194588786687
104,CATH4.adj,64,0.06646825396825397,0.016573515758019443
105,CATH5.adj,53,0.07256894049346879,0.00871098577801249
106,CATH6.adj,77,0.07963089542036911,0.03217576192171955
107,CATH7.adj,42,0.0627177700348432,0.0061288899333733675
108,GTNP13-01.adj,12,0.21212121212121213,-0.0642089418783068
109,GTNP13-02.adj,28,0.164021164021164,0.006653731640946681
110,GTNP13-03.adj,28,0.1402116402116402,0.009270669615728989
111,GTNP13-04.adj,26,0.13538461538461538,-0.008979948196150207
112,GTNP13-05.adj,20,0.1368421052631579,-0.03018160358066759
113,GTNP13-06.adj,8,0.32142857142857145,-0.031516451666666515
114,GTNP13-07.adj,24,0.16304347826086957,0.01587499008862487
115,GTNP13-09.adj,25,0.13,-0.02013568924887713
116,GTNP13-100.adj,24,0.17028985507246377,0.0011473061666841856
117,GTNP13-104.adj,13,0.1794871794871795,-0.02831405734043725
118,GTNP13-105.adj,17,0.13970588235294118,-0.02276777839239188
119,GTNP13-106.adj,10,0.24444444444444444,-0.034077968841269735
120,GTNP13-119.adj,21,0.18095238095238095,0.060601690915735605
121,GTNP13-121.adj,34,0.13368983957219252,-0.011696049776775233
122,GTNP13-16.adj,27,0.10826210826210826,-0.0013310458762152688
123,GTNP13-21.adj,22,0.16017316017316016,0.0012538302785443682
124,GTNP13-22.adj,12,0.25757575757575757,-0.02825618115560354
125,GTNP13-23.adj,13,0.23076923076923078,-0.026840489582639522
126,GTNP13-24.adj,24,0.14855072463768115,-0.02614222603254665
127,GTNP13-25.adj,27,0.19943019943019943,0.015064149715572881
128,GTNP13-26.adj,19,0.17543859649122806,-0.01626077906180498
129,GTNP13-34.adj,28,0.15608465608465608,0.005210262682359622
130,GTNP13-35.adj,24,0.213768115942029,-0.007112429259613741
131,GTNP13-36.adj,29,0.11576354679802955,0.004229468467887911
132,GTNP13-37.adj,26,0.17846153846153845,0.035303158797047894
133,GTNP13-38.adj,29,0.16748768472906403,0.015060009614481321
134,GTNP13-39.adj,20,0.2,-0.0201728551795164
135,GTNP13-41.adj,13,0.19230769230769232,-0.02723399831168826
136,GTNP13-42.adj,25,0.12666666666666668,0.0034584827792212324
137,GTNP13-43.adj,24,0.12681159420289856,-0.023050391574218187
138,GTNP13-45.adj,23,0.15810276679841898,-0.0191023285943199
139,GTNP13-46.adj,13,0.16666666666666666,-0.024445972457542466
140,GTNP13-69.adj,22,0.18181818181818182,0.027982673328195314
141,GTNP13-70.adj,18,0.1437908496732026,-0.019554899858913774
142,GTNP13-72.adj,26,0.16307692307692306,0.028432799245296275
143,GTNP13-99.adj,13,0.2692307692307692,0.03610449818181823
144,SMMJAN13TRK1.adj,18,0.3333333333333333,0.011040786987638489
145,SMMJAN13TRK10.adj,14,0.2967032967032967,0.007071499744858449
146,SMMJAN13TRK6.adj,16,0.20833333333333334,-0.008414201819846777
147,SMMJAN13TRK8.adj,9,0.25,-0.040272928518518464
148,SMMJAN13TRK9.adj,26,0.20307692307692307,0.018627951340655972
149,TRK03-4-12.adj,8,0.35714285714285715,-0.0197753633333332
150,TRK06-2-12_Triple.adj,15,0.2761904761904762,0.009728152913605063
151,TRK07-4-12.adj,6,0.4,-0.03119716555555559
152,TRK08-12_Triple.adj,9,0.4166666666666667,0.010572894391534353
153,TRK08-2-12_Triple.adj,8,0.4642857142857143,0.011439920833333422
154,TRK08-4-12.adj,16,0.35,0.01734275626075324
155,TRK09-2-12_Triple.adj,16,0.24166666666666667,0.008657651060120494
156,TRK09-4-12.adj,17,0.22058823529411764,0.03584108774604491
157,TRK10-12_Triple.adj,2,1.0,0.0
158,TRK10-2-12_Triple.adj,18,0.20261437908496732,-0.012565112159753774
159,TRK10-4-12.adj,12,0.2878787878787879,-0.012639390382395274
160,TRK11-12_Triple.adj,19,0.16374269005847952,0.003630046144650091
161,TRK11-2-12_Triple.adj,12,0.2727272727272727,-0.007949517079124465
162,TRK12-12_Triple.adj,13,0.2692307692307692,0.0014386085159286026
163,TRK12-2-12_Triple.adj,11,0.5454545454545454,0.007104956031746071
164,TRK13-12_Triple.adj,7,0.42857142857142855,-0.03538050999999988
165,TRK13-2-12_Triple.adj,31,0.14838709677419354,0.0336109235019934
166,TRK14-12_Triple.adj,12,0.3484848484848485,0.04717205138407901
167,TRK14-2-12_Triple.adj,11,0.32727272727272727,-0.01571259656565643
168,TRK14-4-12.adj,8,0.25,-0.03611784249999994
169,TRK15a-12_Triple.adj,12,0.30303030303030304,-0.016598154537036985
170,TRK15a-2-12_Triple.adj,13,0.19230769230769232,-0.053629269706959595
171,TRK15b-2-12_Triple.adj,13,0.21794871794871795,-0.04382068489621476
172,TRK17-12_Triple.adj,7,0.42857142857142855,-0.01721384333333328
173,TRK17-2-12_Triple.adj,24,0.21739130434782608,0.029628292051736182
174,TRK18-12_Triple.adj,15,0.3238095238095238,0.041376992644466745
175,TRK18-2-12_Triple.adj,22,0.13852813852813853,0.009432486087842888
176,TRK18-4-12.adj,3,0.6666666666666666,-0.026810609999999995
177,TRK19-12_Triple.adj,17,0.29411764705882354,0.01274050277794111
178,TRK19-2-12_Triple.adj,19,0.27485380116959063,0.034275112468161555
179,TRK19-4-12.adj,13,0.24358974358974358,0.0035703100854701944
180,TRK20-12_Triple.adj,10,0.4444444444444444,-0.008882674761904663
181,TRK21-12_Triple.adj,15,0.17142857142857143,-0.043718425343175264
182,TRK22-12_Triple.adj,15,0.21904761904761905,-0.031829474825100686
183,TRK22-4-12.adj,28,0.15608465608465608,0.04277021130207126
184,TRK23-12_Triple.adj,12,0.4090909090909091,-0.007551605965608406
185,TRK23-2-12_Triple.adj,25,0.30333333333333334,0.045519508578699505
186,TRK24-12_Triple.adj,11,0.38181818181818183,-0.006284071327561248
187,TRK24-2-12_Triple.adj,21,0.2714285714285714,0.02720973278008673
188,TRK24-4-12.adj,11,0.2545454545454545,-0.04597573810966806
189,TRK25-12_Triple.adj,12,0.4090909090909091,0.007759240595238193
190,TRK25-2-12_Triple.adj,10,0.26666666666666666,0.003879800333333372
191,TRK26-12_Triple.adj,28,0.1693121693121693,0.025441509748867153
192,TRK26-4-12.adj,14,0.18681318681318682,-0.07744133301301866
193,TRK27-12_Triple.adj,12,0.30303030303030304,0.00950535075396843
194,TRK27-2-12_Triple.adj,6,0.4666666666666667,0.00017988555555564778
195,TRK27-4-12.adj,11,0.4,0.006640248268398324
196,TRK28-2-12_Triple.adj,21,0.23333333333333334,0.02479888257638715
197,TRK29-2-12_Triple.adj,14,0.18681318681318682,-0.031221703436246195
198,TRK30-2-12_Triple.adj,12,0.19696969696969696,-0.0286123891005291
199,TRK30-4-12.adj,13,0.5,0.03161027953268972
200,TRK31-2-12_Triple.adj,14,0.17582417582417584,-0.005031176984523299
201,TRK34a-2-12_Triple.adj,24,0.11956521739130435,0.019516564038507687
202,TRK34b-2-12_Triple.adj,15,0.19047619047619047,-0.028386327340955305
203,TRK35-2-12_Triple.adj,5,0.5,-0.032663939333333336
204,TRK37-2-12_Triple.adj,19,0.22807017543859648,0.032269025600141284
205,TRK38-2-12_Triple.adj,7,0.38095238095238093,-0.02997344999999994
206,TRK38.adj,48,0.12234042553191489,0.013166004467360416
207,TRK39-2-12_Triple.adj,6,0.6666666666666666,-0.011622752777777875
208,TRK39a_042409.adj,20,0.15789473684210525,-0.043127025783413944
209,TRK39b_042409.adj,35,0.07226890756302522,0.010340175976920708
210,TRK40-2-12_Triple.adj,38,0.13513513513513514,0.037394075443107
211,TRK43a_042509.adj,26,0.11076923076923077,-0.01606316106475295
212,TRK43b_042509.adj,10,0.24444444444444444,-0.03331725455555545
213,TRK47a_051209.adj,41,0.07195121951219512,0.002923142275814939
214,TRK47b_051209.adj,43,0.059800664451827246,-0.004927143433653202
215,TRK50a_051209.adj,56,0.044805194805194806,0.045277864710635586
216,TRK50b_051209.adj,30,0.0735632183908046,0.053979098301334995
217,TRK51_051209.adj,42,0.09175377468060394,0.010861556097611863
218,TRK57a_051409.adj,35,0.08235294117647059,0.006173289645997651
219,TRK57b_051409.adj,41,0.06463414634146342,0.010129597466269681
220,TRK60_051509.adj,49,0.0782312925170068,0.009222088749130568
221,TRK64a_051909.adj,34,0.08377896613190731,-0.01542058933110553
222,TRK64b_051909.adj,45,0.12525252525252525,0.030399602403116916
223,TRKa37-3-12.adj,24,0.2210144927536232,0.037454421486250083
224,TRKa41-3-12.adj,30,0.15862068965517243,0.05516013538766256
225,TRKa42-3-12.adj,21,0.23809523809523808,0.016406981282903726
226,TRKa43-3-12.adj,23,0.2766798418972332,0.10382134163794925
227,TRKa44-3-12.adj,29,0.11083743842364532,0.10739880370352796
228,TRKa45-3-12.adj,10,0.37777777777777777,0.016008044460317682
229,TRKa46-3-12.adj,2,1.0,0.0
230,TRKa47-3-12.adj,7,0.47619047619047616,-0.01955649714285709
231,TRKa48-3-12.adj,12,0.3484848484848485,0.02602672911375679
232,TRKa49-3-12.adj,16,0.35,0.04593592524454726
233,TRKa51a-3-12.adj,23,0.15019762845849802,0.04762430963336894
234,TRKa51b-3-12.adj,23,0.1976284584980237,0.0019732099507436093
235,TRKa52-3-12.adj,29,0.19950738916256158,0.019063192490602187
236,TRKa53-3-12.adj,27,0.1908831908831909,0.10754195780520483
237,TRKa54-3-12.adj,8,0.35714285714285715,-0.04846286333333333
238,TRKb06-3-12.adj,15,0.3047619047619048,0.06517951467562076
239,TRKb07-3-12.adj,24,0.18478260869565216,0.06324956010303216
240,TRKb09-3-12.adj,19,0.21637426900584794,0.047892775591141024
241,TRKb10-3-12.adj,20,0.16842105263157894,-0.018002001279468684
242,TRKb11-3-12.adj,23,0.2885375494071146,0.06643566598563404
243,TRKb12-3-12.adj,32,0.20967741935483872,0.05110916182553635
244,TRKb13a-3-12.adj,14,0.15384615384615385,-0.006620033136783753
245,TRKb13b-3-12.adj,18,0.21568627450980393,0.03144032249943968
246,TRKb16-3-12.adj,10,0.4222222222222222,-0.004801207285714137
247,TRKb17-3-12.adj,14,0.26373626373626374,-0.002335378553271951
248,TRKb18-3-12.adj,11,0.3090909090909091,0.0486444573015874
249,WETA0513-20.adj,48,0.09485815602836879,0.07124910576792773
250,whale2002.adj,42,0.09523809523809523,0.08111220445738478
251,whale2003.adj,31,0.15913978494623657,0.13995374046337222
252,whale2004.adj,63,0.08090117767537122,0.06328548881206182
253,whale2005.adj,60,0.09096045197740113,0.1269602123978186
254,whale2006.adj,43,0.13732004429678848,0.07879457271848002
255,whale2007.adj,25,0.12666666666666668,0.0805339056853858
256,whale2008.adj,59,0.12098188194038574,0.08709017744117092
257,whale2009.adj,46,0.18164251207729468,0.08537818468230052
258,whale2010.adj,68,0.1286215978928885,0.1191457376233462
259,whale2011.adj,71,0.12152917505030181,0.11825335624408893
260,whale2012.adj,78,0.1471861471861472,0.1025166021990734
261,whale2013.adj,52,0.1229260935143288,0.07970638431632963
262,stickleback_atton_group_1.adj,9,0.3611111111111111,0.10627154696649045
263,stickleback_atton_group_2.adj,10,0.3111111111111111,-0.02070756238095235
264,stickleback_atton_group_3.adj,9,0.3333333333333333,-0.015435291428571338
265,stickleback_atton_group_4.adj,10,0.26666666666666666,0.008929800333333427
266,stickleback_atton_group_5.adj,10,0.28888888888888886,-0.0515215603015872
267,stickleback_atton_group_6.adj,10,0.26666666666666666,-0.02833964411111104
268,stickleback_atton_group_7.adj,9,0.3611111111111111,-0.0036989115873015243
269,guppy_hasenjager_familiar_1.adj,6,0.4666666666666667,-0.005153447777777746
270,guppy_hasenjager_familiar_10.adj,6,0.5333333333333333,-0.05055509611111112
271,guppy_hasenjager_familiar_2.adj,6,0.5333333333333333,-0.009999540555555556
272,guppy_hasenjager_familiar_4.adj,6,0.5333333333333333,-0.03305509611111115
273,guppy_hasenjager_familiar_5.adj,6,0.5333333333333333,-0.021388429444444485
274,guppy_hasenjager_familiar_6.adj,6,0.5333333333333333,-0.022777318333333334
275,guppy_hasenjager_familiar_7.adj,6,0.5333333333333333,0.004583792777777818
276,guppy_hasenjager_familiar_8.adj,6,0.5333333333333333,-0.02736065166666668
277,guppy_hasenjager_familiar_9.adj,6,0.4666666666666667,-0.028347892222222244
278,Weighted_Barn_swallow_contact_network_Levin.adj,17,0.16176470588235295,-0.03281058678948495
279,Weighted_Barn_swallow_non_physical_social_interaction_Levin.adj,17,0.18382352941176472,0.015145197569815883
280,weighted_geese_female_foraging.adj,20,0.15263157894736842,0.1393665671152155
281,weighted_geese_male_foraging.adj,22,0.12987012987012986,0.05279872542688336
282,weighted_hens_pecking_order.adj,32,1.0,0.0
283,weighted_network_social_songbird.adj,88,0.034221525600835946,0.26661365397255143
284,weighted_Flock_Season2_Dryad.adj,31,0.0989247311827957,0.19530403950466263
285,weighted_Flock_Season3_Dryad.adj,23,0.13438735177865613,0.152988990078661
286,weighted_sparrow_social_2009.adj,30,0.10114942528735632,0.14044993006215825
287,weighted_sparrow_social_2010.adj,36,0.08253968253968254,0.22923938491292578
288,Thornbill_Farine.adj,37,0.08258258258258258,0.1904781262097854
289,social_weaver_0.adj,18,0.1830065359477124,0.15407907494619044
290,social_weaver_1.adj,7,0.5714285714285714,0.03191571571428569
291,social_weaver_10.adj,16,0.175,0.0649842869440283
292,social_weaver_11.adj,42,0.13124274099883856,0.12541309885504556
293,social_weaver_12.adj,39,0.16734143049932523,0.11395108992596352
294,social_weaver_13.adj,31,0.25161290322580643,0.16588638153740892
295,social_weaver_14.adj,11,0.6909090909090909,0.0005052238961038871
296,social_weaver_15.adj,23,0.16996047430830039,0.29347411613949087
297,social_weaver_16.adj,64,0.08779761904761904,0.12244449705210078
298,social_weaver_17.adj,6,0.6,0.026690239444444448
299,social_weaver_18.adj,6,0.7333333333333333,0.01879738555555562
300,social_weaver_19.adj,18,0.5228758169934641,0.011977787023655397
301,social_weaver_2.adj,5,1.0,0.0
302,social_weaver_20.adj,14,0.6813186813186813,0.013024241757369628
303,social_weaver_21.adj,15,0.6095238095238096,0.008710858698412727
304,social_weaver_22.adj,24,0.2246376811594203,0.08322588034674816
305,social_weaver_3.adj,42,0.1765389082462253,0.14708632518371237
306,social_weaver_4.adj,18,0.17647058823529413,0.21836195726482666
307,social_weaver_5.adj,13,0.24358974358974358,0.061725710240870264
308,social_weaver_6.adj,19,0.3742690058479532,0.1013407161960263
309,social_weaver_7.adj,9,0.2777777777777778,0.1429648135097001
310,social_weaver_8.adj,34,0.2620320855614973,0.04418704551153555
311,social_weaver_9.adj,12,0.5454545454545454,0.022732122283549833
312,weaver_dijk_social_00.adj,18,0.1830065359477124,0.14521708671655517
313,weaver_dijk_social_01.adj,7,0.5714285714285714,0.015463334761904693
314,weaver_dijk_social_02.adj,5,1.0,0.0
315,weaver_dijk_social_03.adj,42,0.1765389082462253,0.14504220179637647
316,weaver_dijk_social_04.adj,18,0.17647058823529413,0.2142181670046147
317,weaver_dijk_social_05.adj,13,0.24358974358974358,0.0566286961438562
318,weaver_dijk_social_06.adj,19,0.3742690058479532,0.09960577599862479
319,weaver_dijk_social_07.adj,9,0.2777777777777778,0.1264793637742504
320,weaver_dijk_social_08.adj,34,0.2620320855614973,0.038957189117252954
321,weaver_dijk_social_09.adj,12,0.5454545454545454,0.015282507083934712
322,weaver_dijk_social_10.adj,16,0.175,0.08049493428280065
323,weaver_dijk_social_11.adj,42,0.13124274099883856,0.12742034503985658
324,weaver_dijk_social_12.adj,39,0.16734143049932523,0.12271932150854972
325,weaver_dijk_social_13.adj,31,0.25161290322580643,0.15618998966031278
326,weaver_dijk_social_14.adj,11,0.6909090909090909,0.008820158961038988
327,weaver_dijk_social_15.adj,23,0.16996047430830039,0.2990810744901395
328,weaver_dijk_social_16.adj,64,0.08779761904761904,0.1134649215316641
329,weaver_dijk_social_17.adj,6,0.6,0.02260690611111112
330,weaver_dijk_social_18.adj,6,0.7333333333333333,0.02560294111111111
331,weaver_dijk_social_19.adj,18,0.5228758169934641,0.0018320037945388193
332,weaver_dijk_social_20.adj,14,0.6813186813186813,0.0055823483333333436
333,weaver_dijk_social_21.adj,15,0.6095238095238096,0.009462181449735459
334,weaver_dijk_social_22.adj,24,0.2246376811594203,0.07382178243450438
335,wildbird_firth_network_2.adj,94,0.03202928391672386,0.32743113692737463
336,wildbird_firth_network_3.adj,93,0.032491818606825616,0.34902907343694317
337,wildbird_firth_network_4.adj,92,0.032250358337314856,0.3575799393142047
338,alarm.adj,37,0.06906906906906907,0.026218291782515196
339,barley.adj,48,0.07446808510638298,0.03665041057453776
340,child.adj,20,0.13157894736842105,-0.01975936291079029
341,hailfinder.adj,56,0.04285714285714286,-0.004418109154416451
342,hepar2.adj,70,0.05093167701863354,-0.004041138906332825
343,insurance.adj,27,0.14814814814814814,-0.006078415158215136
344,mildew.adj,35,0.0773109243697479,-0.022388482788974547
345,sachs.adj,11,0.3090909090909091,0.11908214587563942
346,water.adj,32,0.13306451612903225,-0.013962041400824732
347,win95pts.adj,76,0.03929824561403509,0.004707236161911099
348,weighted_network_col1_day03.adj,91,0.03296703296703297,0.12317087684769114
349,weighted_network_col1_day07.adj,99,0.030303030303030304,0.064401238990743
350,weighted_network_col1_day10.adj,99,0.030303030303030304,0.07557949429441464
351,weighted_network_col1_day11.adj,100,0.029696969696969697,0.04916898421548936
352,weighted_network_col1_day12.adj,91,0.03296703296703297,0.03012231763185063
353,weighted_network_col1_day13.adj,88,0.03396029258098224,0.058768957346649824
354,weighted_network_col1_day14.adj,87,0.03421545041432772,0.04611578259908574
355,weighted_network_col1_day15.adj,91,0.03321123321123321,0.13496954145766546
356,weighted_network_col1_day16.adj,93,0.032491818606825616,0.10410974268985364
357,weighted_network_col1_day17.adj,85,0.03557422969187675,0.057571794633712564
358,weighted_network_col1_day18.adj,79,0.0379746835443038,0.08134362904586939
359,weighted_network_col1_day19.adj,88,0.03396029258098224,0.11153115074242818
360,weighted_network_col1_day20.adj,93,0.032024310425432446,0.05089520493546669
361,weighted_network_col1_day21.adj,87,0.03475006682705159,0.07225832381080807
362,weighted_network_col1_day22.adj,73,0.04147640791476408,0.14656126989696364
363,weighted_network_col1_day23.adj,71,0.04225352112676056,0.04762683355089767
364,weighted_network_col1_day24.adj,68,0.043898156277436345,0.11066947091845022
365,weighted_network_col1_day25.adj,77,0.0393028024606972,0.06349031969833542
366,weighted_network_col1_day26.adj,69,0.043478260869565216,0.07668910226981925
367,weighted_network_col1_day27.adj,74,0.04035542391706775,0.045928647037806525
368,weighted_network_col1_day28.adj,74,0.04035542391706775,0.21446100131655965
369,weighted_network_col1_day29.adj,71,0.04225352112676056,0.06573363461334314
370,weighted_network_col1_day30.adj,69,0.04305200341005968,0.21269372293036465
371,weighted_network_col1_day31.adj,72,0.04107981220657277,0.0429737169836739
372,weighted_network_col1_day32.adj,54,0.05520614954577219,0.06022108912162271
373,weighted_network_col1_day33.adj,52,0.05731523378582202,0.12708649056334567
374,weighted_network_col1_day34.adj,52,0.058069381598793365,0.06822501937128347
375,weighted_network_col1_day35.adj,51,0.0596078431372549,0.10062846332730017
376,weighted_network_col1_day36.adj,50,0.05959183673469388,0.06859737503584581
377,weighted_network_col1_day37.adj,49,0.06207482993197279,0.16026184452198602
378,weighted_network_col1_day38.adj,50,0.060408163265306125,0.06998301148230554
379,weighted_network_col1_day39.adj,53,0.057329462989840346,0.030928795274243998
380,weighted_network_col1_day40.adj,48,0.06294326241134751,0.10363735468226302
381,weighted_network_col1_day41.adj,52,0.058069381598793365,0.04080569709138193
382,weighted_network_col2_day12.adj,94,0.03180050331731869,0.08533033069933184
383,weighted_network_col2_day14.adj,100,0.0298989898989899,0.03825218065830807
384,weighted_network_col2_day15.adj,98,0.030296654744371977,0.06969316117062262
385,weighted_network_col2_day16.adj,95,0.031802911534154536,0.042136215548513024
386,weighted_network_col2_day17.adj,92,0.0327281414237936,0.08476427082296648
387,weighted_network_col2_day19.adj,93,0.03225806451612903,0.08474032308551582
388,weighted_network_col2_day20.adj,95,0.031802911534154536,0.059314182567818306
389,weighted_network_col2_day21.adj,93,0.032024310425432446,0.10198182224005756
390,weighted_network_col2_day22.adj,82,0.036735922914784704,0.06194754139972636
391,weighted_network_col2_day23.adj,83,0.03526300323244196,0.03783652749962678
392,weighted_network_col2_day24.adj,81,0.03734567901234568,0.02524207849193435
393,weighted_network_col2_day25.adj,81,0.03641975308641975,0.0641694943058768
394,weighted_network_col2_day26.adj,80,0.03734177215189873,0.03509965763407667
395,weighted_network_col2_day27.adj,78,0.03862803862803863,0.050869262156433386
396,weighted_network_col2_day28.adj,78,0.03862803862803863,0.04603161556967966
397,weighted_network_col2_day29.adj,77,0.03861927546138073,0.05832480385187029
398,weighted_network_col2_day30.adj,78,0.03862803862803863,0.0844880569268988
399,weighted_network_col2_day31.adj,77,0.0393028024606972,0.06399786601837508
400,weighted_network_col2_day32.adj,55,0.05454545454545454,0.0035662549111771195
401,weighted_network_col2_day33.adj,57,0.05325814536340852,0.042010476224026254
402,weighted_network_col2_day34.adj,50,0.060408163265306125,0.11255604919483533
403,weighted_network_col2_day35.adj,55,0.055218855218855216,0.05128483035037522
404,weighted_network_col2_day36.adj,52,0.058069381598793365,0.02999411138672883
405,weighted_network_col2_day37.adj,56,0.05389610389610389,0.019403974113006758
406,weighted_network_col2_day38.adj,53,0.057329462989840346,0.023794732503371028
407,weighted_network_col2_day39.adj,55,0.05454545454545454,0.02412510043666678
408,weighted_network_col2_day40.adj,54,0.055904961565338925,0.015028275057993855
409,weighted_network_col2_day41.adj,55,0.055218855218855216,0.008499232075773779
410,weighted_network_col3_day22.adj,99,0.029684601113172542,0.0019433025635075495
411,weighted_network_col3_day24.adj,99,0.030509173366316224,0.03395924343075006
412,weighted_network_col3_day26.adj,95,0.03113101903695409,0.09797527987358953
413,weighted_network_col3_day27.adj,91,0.03223443223443224,0.10626263451120117
414,weighted_network_col3_day28.adj,96,0.030263157894736843,0.1209805196831019
415,weighted_network_col3_day29.adj,100,0.029494949494949494,0.03161494392185465
416,weighted_network_col3_day32.adj,87,0.03421545041432772,0.053593458760364185
417,weighted_network_col3_day33.adj,80,0.037658227848101265,0.11628864570943942
418,weighted_network_col3_day34.adj,82,0.036133694670280034,0.12418464484491554
419,weighted_network_col3_day35.adj,87,0.034482758620689655,0.11580113774966178
420,weighted_network_col3_day36.adj,86,0.0347469220246238,0.05111513776801064
421,weighted_network_col3_day37.adj,81,0.03734567901234568,0.051089376521062095
422,weighted_network_col3_day38.adj,74,0.04072565716401333,0.06804783786808818
423,weighted_network_col3_day39.adj,81,0.03734567901234568,0.06836751577506747
424,weighted_network_col3_day40.adj,82,0.03643480879253237,0.05228895520122384
425,weighted_network_col3_day41.adj,79,0.0379746835443038,0.056866103923413854
426,weighted_network_col4_day01.adj,91,0.03296703296703297,0.023863262334407328
427,weighted_network_col4_day02.adj,84,0.03442340791738382,0.0757235877102498
428,weighted_network_col4_day03.adj,91,0.03296703296703297,0.014025617118531685
429,weighted_network_col4_day04.adj,90,0.03320848938826467,0.0609743233799152
430,weighted_network_col4_day05.adj,90,0.03295880149812734,0.007807139264074807
431,weighted_network_col4_day06.adj,90,0.03320848938826467,0.023718326244167143
432,weighted_network_col4_day07.adj,86,0.0347469220246238,0.02528907165018455
433,weighted_network_col4_day08.adj,91,0.03321123321123321,0.013451601060183947
434,weighted_network_col4_day09.adj,84,0.03557085484796328,0.09524152480722997
435,weighted_network_col4_day10.adj,90,0.033458177278401995,0.07725957204906896
436,weighted_network_col4_day11.adj,91,0.03296703296703297,0.04787567076569954
437,weighted_network_col4_day12.adj,61,0.04918032786885246,0.0931793514363937
438,weighted_network_col4_day13.adj,58,0.05202661826981246,0.0909063531752762
439,weighted_network_col4_day14.adj,65,0.046153846153846156,0.08447828435521514
440,weighted_network_col4_day15.adj,67,0.04477611940298507,0.18482032954434685
441,weighted_network_col4_day16.adj,65,0.046153846153846156,0.03712544507617047
442,weighted_network_col4_day17.adj,64,0.04513888888888889,0.04164328276655982
443,weighted_network_col4_day18.adj,61,0.04972677595628415,0.051954911998338626
444,weighted_network_col4_day19.adj,67,0.04477611940298507,0.06290424043817255
445,weighted_network_col4_day20.adj,66,0.04522144522144522,0.04211005981429385
446,weighted_network_col4_day21.adj,65,0.046634615384615385,0.05994451333137547
447,weighted_network_col4_day22.adj,49,0.06207482993197279,0.02780895247269656
448,weighted_network_col4_day23.adj,50,0.060408163265306125,0.0742880821065228
449,weighted_network_col4_day24.adj,47,0.06475485661424607,0.05104992793925812
450,weighted_network_col4_day25.adj,50,0.05959183673469388,0.020480839567456343
451,weighted_network_col4_day26.adj,51,0.058823529411764705,0.1147011303970769
452,weighted_network_col4_day27.adj,49,0.06207482993197279,0.051935217840220885
453,weighted_network_col4_day28.adj,51,0.0596078431372549,0.04218057867994379
454,weighted_network_col4_day29.adj,46,0.06570048309178744,0.02195025973369069
455,weighted_network_col4_day30.adj,51,0.058823529411764705,0.08188525798682621
456,weighted_network_col4_day31.adj,50,0.060408163265306125,0.04010181557018984
457,weighted_network_col4_day32.adj,34,0.08912655971479501,0.018632902827466852
458,weighted_network_col4_day33.adj,33,0.0928030303030303,0.020931155444961925
459,weighted_network_col4_day34.adj,34,0.08912655971479501,0.0244543594064205
460,weighted_network_col4_day35.adj,33,0.09090909090909091,0.01776875420256731
461,weighted_network_col4_day36.adj,33,0.0928030303030303,0.04650473796958457
462,weighted_network_col4_day37.adj,32,0.09475806451612903,0.05322230205037706
463,weighted_network_col4_day38.adj,35,0.08571428571428572,0.08448718741926935
464,weighted_network_col4_day39.adj,31,0.0989247311827957,0.03872703776824677
465,weighted_network_col4_day40.adj,35,0.08403361344537816,0.04909326034920473
466,weighted_network_col4_day41.adj,34,0.08912655971479501,0.061871254247788325
467,weighted_network_col5_day22.adj,84,0.03499713138267355,0.042735696567991734
468,weighted_network_col5_day23.adj,81,0.03734567901234568,0.09170813152385042
469,weighted_network_col5_day24.adj,82,0.03643480879253237,0.11205691899934121
470,weighted_network_col5_day25.adj,80,0.037658227848101265,0.06947988305344566
471,weighted_network_col5_day26.adj,82,0.03643480879253237,0.08635625905828445
472,weighted_network_col5_day27.adj,83,0.03643843667352336,0.1170546866662459
473,weighted_network_col5_day28.adj,77,0.03861927546138073,0.05787086651580853
474,weighted_network_col5_day29.adj,79,0.03667640376501136,0.06756580430767105
475,weighted_network_col5_day30.adj,79,0.0379746835443038,0.07240173068281114
476,weighted_network_col5_day31.adj,83,0.03614457831325301,0.06361282192239828
477,weighted_network_col5_day32.adj,58,0.0514216575922565,0.04836162509104035
478,weighted_network_col5_day33.adj,60,0.05028248587570622,0.02724180988829712
479,weighted_network_col5_day34.adj,60,0.05028248587570622,0.056641278541017144
480,weighted_network_col5_day35.adj,62,0.048122686409307246,0.05829575573154772
481,weighted_network_col5_day36.adj,61,0.04972677595628415,0.04669298858073363
482,weighted_network_col5_day37.adj,59,0.05143191116306254,0.022092603444832767
483,weighted_network_col5_day38.adj,58,0.05202661826981246,0.03258183378933905
484,weighted_network_col5_day39.adj,61,0.04972677595628415,0.0357525299555552
485,weighted_network_col5_day40.adj,63,0.048131080389144903,0.09309233898068624
486,weighted_network_col5_day41.adj,58,0.0514216575922565,0.0650416373433691
487,weighted_network_col6_day25.adj,100,0.0301010101010101,0.06498144105816821
488,weighted_network_col6_day32.adj,88,0.034221525600835946,0.04797407661005002
489,weighted_network_col6_day33.adj,84,0.03585771658060815,0.03700624943578454
490,weighted_network_col6_day34.adj,84,0.03585771658060815,0.034687211593094486
491,weighted_network_col6_day35.adj,86,0.03502051983584131,0.030402261248794835
492,weighted_network_col6_day36.adj,79,0.038299253489126904,-0.008660653923051315
493,weighted_network_col6_day37.adj,87,0.034482758620689655,0.034549083699029315
494,weighted_network_col6_day38.adj,79,0.038299253489126904,0.07508499311330613
495,weighted_network_col6_day39.adj,80,0.03575949367088608,0.06081439898555334
496,weighted_ant_quevillon_colony1_day1.adj,28,0.09523809523809523,0.03641359946120885
497,weighted_ant_quevillon_colony1_day2.adj,24,0.11594202898550725,-0.0030947123394250756
498,weighted_ant_quevillon_colony1_day3.adj,23,0.09881422924901186,-0.0018712435265405703
499,weighted_ant_quevillon_colony1_day4.adj,35,0.08571428571428572,0.0251058466788369
500,weighted_ant_quevillon_colony1_day5.adj,23,0.09486166007905138,0.021780683051799626
501,weighted_ant_quevillon_colony1_day6.adj,28,0.0582010582010582,0.11491593484171474
502,weighted_ant_quevillon_colony1_day7.adj,29,0.10591133004926108,-0.021456985574339494
503,weighted_ant_quevillon_colony1_day8.adj,36,0.08412698412698413,0.0020201368636010592
504,weighted_ant_quevillon_colony2_day1.adj,26,0.11076923076923077,0.020963633012038352
505,weighted_ant_quevillon_colony2_day2.adj,24,0.10869565217391304,-0.019022565316202004
506,weighted_ant_quevillon_colony2_day3.adj,28,0.10582010582010581,-0.010443635495583834
507,weighted_ant_quevillon_colony2_day4.adj,29,0.09852216748768473,0.04232907087060235
508,weighted_ant_quevillon_colony2_day5.adj,30,0.0735632183908046,-0.010593536501202927
509,weighted_ant_quevillon_colony2_day6.adj,33,0.08712121212121213,-0.017222862277074064
510,weighted_ant_quevillon_colony2_day7.adj,30,0.10114942528735632,-0.01250350101799986
511,weighted_ant_quevillon_colony2_day8.adj,26,0.11692307692307692,-0.0033944826810014092
512,beetle_fomica_group_C1_period_1.adj,30,0.10114942528735632,-0.003070102899845156
513,beetle_fomica_group_C1_period_2.adj,28,0.10846560846560846,-0.011810259150321339
514,beetle_fomica_group_C2_period_1.adj,26,0.11692307692307692,0.0016298160415152846
515,beetle_fomica_group_C2_period_2.adj,29,0.10591133004926108,0.0008840707219048818
516,beetle_fomica_group_C3_period_1.adj,26,0.11692307692307692,-0.006422275495218636
517,beetle_fomica_group_C3_period_2.adj,25,0.12333333333333334,0.0018122239469388756
518,beetle_fomica_group_C4_period_1.adj,30,0.10114942528735632,-0.0010627362370722463
519,beetle_fomica_group_C4_period_2.adj,28,0.10846560846560846,0.031862128369888956
520,beetle_fomica_group_T1_period_1.adj,29,0.10591133004926108,-0.03965370712965793
521,beetle_fomica_group_T2_period_1.adj,29,0.10344827586206896,0.015924680346710192
522,beetle_fomica_group_T3_period_1.adj,29,0.10591133004926108,0.027726991503937738
523,beetle_fomica_group_T4_period_1.adj,27,0.11396011396011396,-0.03268101379306409
524,asianelephant_desilva.adj,53,0.036284470246734396,0.12106556103403031
525,weighted_group_10.adj,13,0.19230769230769232,-0.00038771852310058266
526,weighted_group_11.adj,12,0.18181818181818182,-0.013453108446368276
527,weighted_group_12.adj,6,0.3333333333333333,0.08481901499999994
528,weighted_group_14.adj,7,0.42857142857142855,-0.02638050999999992
529,weighted_group_15.adj,6,0.4666666666666667,-0.012986781111111012
530,weighted_group_16.adj,6,0.3333333333333333,-0.05184765166666646
531,weighted_group_17.adj,9,0.2777777777777778,-0.04201314063492055
532,weighted_group_18.adj,10,0.15555555555555556,0.04824918903174602
533,weighted_group_19.adj,11,0.16363636363636364,0.007989176990686147
534,weighted_group_2.adj,5,0.6,-0.0007662220000000941
535,weighted_group_20.adj,13,0.21794871794871795,-0.031698557024086985
536,weighted_group_21.adj,7,0.47619047619047616,-0.01803268761904762
537,weighted_group_22.adj,5,0.5,-0.024830605999999932
538,weighted_group_23.adj,20,0.10526315789473684,-0.010705968826568199
539,weighted_group_24.adj,9,0.16666666666666666,0.051473399559083054
540,weighted_group_25.adj,9,0.16666666666666666,0.05368107151675497
541,weighted_group_27.adj,13,0.15384615384615385,0.03243733374078916
542,weighted_group_28.adj,15,0.13333333333333333,0.002334369088393081
543,weighted_group_29.adj,11,0.12727272727272726,0.0722679022668242
544,weighted_group_3.adj,20,0.07894736842105263,0.05034094907581678
545,weighted_group_6.adj,6,0.26666666666666666,0.022854043888889047
546,weighted_group_7.adj,13,0.16666666666666666,-0.06240295991452985
547,weighted_group_8.adj,15,0.17142857142857143,-0.02351908949383945
548,weighted_group_9.adj,12,0.13636363636363635,0.026745991010100962
549,weighted_social_vampire_bats.adj,17,0.18382352941176472,-0.019174374198285264
550,weighted_network_roosting_indiana_bat.adj,34,0.08912655971479501,0.00037077667639210483
551,weighted_bison_dominance.adj,23,0.12648221343873517,0.05941199888337514
552,weighted_cattle_dominance.adj,23,0.13043478260869565,0.004775926565219659
553,weighted_FORAGE_dolphin_florida.adj,68,0.043898156277436345,0.19417561210905826
554,weighted_OVERALL_dolphin_florida.adj,81,0.03641975308641975,0.13005385548699044
555,weighted_SOCIAL_dolphin_florida.adj,48,0.06294326241134751,0.12901619926823182
556,weighted_TRAVEL_dolphin_florida.adj,82,0.03523035230352303,0.16415653106619799
557,unweighted_social_dolphin_Lusseau.adj,62,0.08408249603384453,0.06506016917396862
558,weighted_dominance_phys_contact_2010_2011.adj,46,0.05410628019323672,-0.02131367606754316
559,weighted_dominance_phys_contact_2010_2012_peidras_blanca.adj,16,0.11666666666666667,0.04340251357531361
560,weighted_dominance_phys_contact_2011_2012.adj,24,0.10869565217391304,-0.00477343351070537
561,weighted_dominance_phys_contact_2012_2013.adj,19,0.08771929824561403,0.1370366497382168
562,weighted_hyena_networkA.adj,32,0.09274193548387097,0.10407658421177518
563,weighted_hyena_networkB.adj,29,0.10591133004926108,0.17461765709332014
564,weighted_hyena_networkC.adj,32,0.09475806451612903,0.10953548922166322
565,weighted_kangaroo_interactions.adj,10,0.3111111111111111,0.05286426301587305
566,weighted_burrow_sharing_before_fire_weight=freq.adj,9,0.2777777777777778,0.09143659481481498
567,weighted_primate_matrix_1.adj,15,0.19047619047619047,0.032884006029378084
568,weighted_primate_matrix_10.adj,21,0.14761904761904762,-0.008802078751643136
569,weighted_primate_matrix_11.adj,16,0.19166666666666668,-0.012988058361707674
570,weighted_primate_matrix_12.adj,16,0.19166666666666668,0.008994027261002985
571,weighted_primate_matrix_13.adj,25,0.12333333333333334,0.026210803264078625
572,weighted_primate_matrix_14.adj,19,0.16374269005847952,-0.018794769665614653
573,weighted_primate_matrix_15.adj,23,0.13438735177865613,0.038015629592338035
574,weighted_primate_matrix_16.adj,23,0.13043478260869565,0.15573556289347518
575,weighted_primate_matrix_17.adj,7,0.42857142857142855,-0.03157098619047608
576,weighted_primate_matrix_18.adj,6,0.5333333333333333,-0.020332873888888898
577,weighted_primate_matrix_19.adj,10,0.28888888888888886,-0.05346044919047612
578,weighted_primate_matrix_2.adj,5,0.7,-0.0060659913333333424
579,weighted_primate_matrix_3.adj,22,0.13852813852813853,0.07466130890370476
580,weighted_primate_matrix_4.adj,11,0.2727272727272727,0.014682883145743226
581,weighted_primate_matrix_5.adj,15,0.20952380952380953,0.17371692334465533
582,weighted_primate_matrix_6.adj,7,0.47619047619047616,0.025967312380952495
583,weighted_primate_matrix_7.adj,18,0.16339869281045752,0.008958292994402215
584,weighted_primate_matrix_8.adj,19,0.16374269005847952,0.011736303750133693
585,weighted_primate_matrix_9.adj,17,0.18382352941176472,0.038748985938310096
586,weighted_raccoon_matrix_1.adj,22,0.13852813852813853,0.023600076075567303
587,weighted_raccoon_matrix_10.adj,19,0.16374269005847952,0.1659631959873117
588,weighted_raccoon_matrix_11.adj,19,0.16374269005847952,0.10491630201712474
589,weighted_raccoon_matrix_12.adj,18,0.16339869281045752,0.07361099758828325
590,weighted_raccoon_matrix_13.adj,19,0.16374269005847952,0.06955614893762598
591,weighted_raccoon_matrix_14.adj,17,0.18382352941176472,0.08229016683545995
592,weighted_raccoon_matrix_15.adj,18,0.16993464052287582,-0.001278998265390975
593,weighted_raccoon_matrix_16.adj,17,0.18382352941176472,0.11635855908335033
594,weighted_raccoon_matrix_17.adj,15,0.20952380952380953,0.16922658220431408
595,weighted_raccoon_matrix_18.adj,12,0.25757575757575757,0.12230595809403573
596,weighted_raccoon_matrix_19.adj,17,0.18382352941176472,0.05881334314972616
597,weighted_raccoon_matrix_2.adj,21,0.14761904761904762,0.16980151025685514
598,weighted_raccoon_matrix_20.adj,17,0.18382352941176472,0.0664532938852651
599,weighted_raccoon_matrix_21.adj,14,0.21978021978021978,0.020252978903239644
600,weighted_raccoon_matrix_22.adj,15,0.20952380952380953,0.15501417979191173
601,weighted_raccoon_matrix_23.adj,13,0.24358974358974358,0.004938164453324478
602,weighted_raccoon_matrix_24.adj,13,0.24358974358974358,0.10131660012022173
603,weighted_raccoon_matrix_25.adj,13,0.24358974358974358,0.01877251172997965
604,weighted_raccoon_matrix_26.adj,15,0.20952380952380953,0.07204112691885908
605,weighted_raccoon_matrix_27.adj,13,0.24358974358974358,0.055842303049770926
606,weighted_raccoon_matrix_28.adj,15,0.20952380952380953,0.09790344608117829
607,weighted_raccoon_matrix_29.adj,9,0.3611111111111111,0.09940514485008839
608,weighted_raccoon_matrix_3.adj,21,0.14761904761904762,0.1014431221688673
609,weighted_raccoon_matrix_30.adj,8,0.39285714285714285,-0.005487447261904657
610,weighted_raccoon_matrix_31.adj,8,0.39285714285714285,-0.02253804249999994
611,weighted_raccoon_matrix_32.adj,13,0.24358974358974358,0.09037965458712247
612,weighted_raccoon_matrix_33.adj,13,0.24358974358974358,0.022360769625929613
613,weighted_raccoon_matrix_34.adj,13,0.24358974358974358,0.012719716234876298
614,weighted_raccoon_matrix_35.adj,14,0.21978021978021978,0.08198548251074327
615,weighted_raccoon_matrix_36.adj,14,0.21978021978021978,0.13581494867949498
616,weighted_raccoon_matrix_37.adj,14,0.18681318681318682,0.060313919670805356
617,weighted_raccoon_matrix_38.adj,10,0.3111111111111111,0.008303945555555659
618,weighted_raccoon_matrix_39.adj,12,0.25757575757575757,-0.0026451301695526175
619,weighted_raccoon_matrix_4.adj,22,0.13852813852813853,0.025734239319444317
620,weighted_raccoon_matrix_40.adj,16,0.19166666666666668,0.07746672990558066
621,weighted_raccoon_matrix_41.adj,14,0.21978021978021978,0.007133853980543408
622,weighted_raccoon_matrix_42.adj,17,0.18382352941176472,0.0668823346157765
623,weighted_raccoon_matrix_43.adj,15,0.20952380952380953,0.03672205154978357
624,weighted_raccoon_matrix_44.adj,11,0.2909090909090909,-0.0015091812698412007
625,weighted_raccoon_matrix_45.adj,12,0.25757575757575757,0.051122185847763575
626,weighted_raccoon_matrix_46.adj,11,0.2909090909090909,0.03706224730158733
627,weighted_raccoon_matrix_47.adj,13,0.24358974358974358,-0.00209544083028075
628,weighted_raccoon_matrix_48.adj,14,0.21978021978021978,0.03207086934613015
629,weighted_raccoon_matrix_49.adj,11,0.2909090909090909,0.04706369030303033
630,weighted_raccoon_matrix_5.adj,21,0.14761904761904762,0.05576869297094197
631,weighted_raccoon_matrix_50.adj,15,0.20952380952380953,0.06331831084604289
632,weighted_raccoon_matrix_51.adj,15,0.20952380952380953,0.044115887343619334
633,weighted_raccoon_matrix_52.adj,13,0.24358974358974358,0.100092747050215
634,weighted_raccoon_matrix_6.adj,21,0.14761904761904762,0.07402149799840421
635,weighted_raccoon_matrix_7.adj,21,0.14761904761904762,0.05849463143245088
636,weighted_raccoon_matrix_8.adj,21,0.14761904761904762,0.05074535459416488
637,weighted_raccoon_matrix_9.adj,19,0.16374269005847952,0.07486076932583761
638,weighted_Contact_Sits_Macaque.adj,27,0.11396011396011396,0.1629709776864006
639,weighted_Grooming_Bouts_Macaque.adj,28,0.10846560846560846,0.036717306326385736
640,weighted_macaque_dominance.adj,59,0.05026300409117475,0.006916880663654433
641,weighted_sheep_dominance.adj,23,0.13438735177865613,0.023184223751437954
642,weighted_spidermonkeys_contact.adj,15,0.20952380952380953,-0.009583100705368615
643,voles_begon_site_BHP_trapping_session_02.adj,23,0.12648221343873517,0.13165337615670267
644,voles_begon_site_BHP_trapping_session_03.adj,19,0.09941520467836257,0.15364060444920496
645,voles_begon_site_BHP_trapping_session_04.adj,30,0.07586206896551724,0.16224668280582769
646,voles_begon_site_BHP_trapping_session_05.adj,40,0.07564102564102564,0.17371516791625763
647,voles_begon_site_BHP_trapping_session_06.adj,53,0.057329462989840346,0.13716313169179087
648,voles_begon_site_BHP_trapping_session_07.adj,43,0.05537098560354374,0.21683830808718932
649,voles_begon_site_BHP_trapping_session_08.adj,20,0.1,0.13648618446844246
650,voles_begon_site_BHP_trapping_session_09.adj,31,0.09462365591397849,0.29573467497972195
651,voles_begon_site_BHP_trapping_session_10.adj,20,0.14210526315789473,0.0525703292212127
652,voles_begon_site_BHP_trapping_session_11.adj,38,0.07681365576102418,0.19411509270463895
653,voles_begon_site_BHP_trapping_session_12.adj,61,0.04972677595628415,0.19236915716701583
654,voles_begon_site_BHP_trapping_session_13.adj,83,0.03643843667352336,0.26695067980523907
655,voles_begon_site_BHP_trapping_session_14.adj,89,0.0339632277834525,0.32647198777985026
656,voles_begon_site_BHP_trapping_session_15.adj,27,0.07977207977207977,0.17319084545828042
657,voles_begon_site_BHP_trapping_session_16.adj,74,0.03628285820066642,0.27585221907843965
658,voles_begon_site_BHP_trapping_session_17.adj,77,0.03520164046479836,0.3312220457648198
659,voles_begon_site_BHP_trapping_session_18.adj,70,0.036853002070393374,0.29133334333853744
660,voles_begon_site_BHP_trapping_session_19.adj,39,0.04723346828609987,0.19476405344570058
661,voles_begon_site_BHP_trapping_session_20.adj,70,0.040993788819875775,0.3094919131172398
662,voles_begon_site_BHP_trapping_session_21.adj,82,0.03643480879253237,0.3356192281633347
663,voles_begon_site_BHP_trapping_session_29.adj,83,0.02791654422568322,0.2971393291294991
664,voles_begon_site_BHP_trapping_session_30.adj,59,0.04266510812390415,0.2936255423080546
665,voles_begon_site_BHP_trapping_session_31.adj,33,0.07954545454545454,0.16835425927318645
666,voles_begon_site_BHP_trapping_session_32.adj,19,0.14035087719298245,0.2176798807950117
667,voles_begon_site_BHP_trapping_session_34.adj,17,0.16911764705882354,0.20907604142246844
668,voles_begon_site_BHP_trapping_session_35.adj,20,0.12105263157894737,0.16311223556605156
669,voles_begon_site_BHP_trapping_session_36.adj,24,0.12318840579710146,0.13853694284224344
670,voles_begon_site_BHP_trapping_session_37.adj,14,0.14285714285714285,0.11218672337638551
671,voles_begon_site_BHP_trapping_session_44.adj,8,0.2857142857142857,0.08865550416666673
672,voles_begon_site_BHP_trapping_session_45.adj,32,0.09475806451612903,0.299418811729762
673,voles_begon_site_BHP_trapping_session_46.adj,73,0.04147640791476408,0.1709454359714072
674,voles_begon_site_BHP_trapping_session_47.adj,64,0.04712301587301587,0.2025412190769824
675,voles_begon_site_BHP_trapping_session_48.adj,92,0.031055900621118012,0.2368203103082436
676,voles_begon_site_BHP_trapping_session_49.adj,67,0.045228403437358664,0.3076885219690372
677,voles_begon_site_BHP_trapping_session_50.adj,56,0.046753246753246755,0.24329044151287954
678,voles_begon_site_BHP_trapping_session_51.adj,47,0.04995374653098982,0.2560946741215367
679,voles_begon_site_BHP_trapping_session_52.adj,28,0.07407407407407407,0.19834969606054884
680,voles_begon_site_BHP_trapping_session_53.adj,16,0.15833333333333333,0.17874008386183265
681,voles_begon_site_BHP_trapping_session_54.adj,19,0.10526315789473684,0.10173652812338109
682,voles_begon_site_BHP_trapping_session_55.adj,50,0.05877551020408163,0.1971327398165412
683,voles_begon_site_BHP_trapping_session_56.adj,46,0.06570048309178744,0.210945392034005
684,voles_begon_site_BHP_trapping_session_57.adj,51,0.0596078431372549,0.32256073886359327
685,voles_begon_site_BHP_trapping_session_58.adj,54,0.055904961565338925,0.2131913772823162
686,voles_begon_site_BHP_trapping_session_59.adj,76,0.039649122807017545,0.27070621192832983
687,voles_begon_site_BHP_trapping_session_60.adj,83,0.03614457831325301,0.2976203113456199
688,voles_begon_site_BHP_trapping_session_61.adj,76,0.03543859649122807,0.3229556042216628
689,voles_begon_site_BHP_trapping_session_62.adj,45,0.050505050505050504,0.2612351158937054
690,voles_begon_site_BHP_trapping_session_63.adj,26,0.06769230769230769,0.17107370789219048
691,voles_begon_site_BHP_trapping_session_64.adj,42,0.0627177700348432,0.202011103952548
692,voles_begon_site_KCS_trapping_session_01.adj,17,0.125,0.1794940455132874
693,voles_begon_site_KCS_trapping_session_02.adj,30,0.10114942528735632,0.19280408492938256
694,voles_begon_site_KCS_trapping_session_03.adj,15,0.14285714285714285,0.1856889729705851
695,voles_begon_site_KCS_trapping_session_04.adj,26,0.08923076923076922,0.23398946256519776
696,voles_begon_site_KCS_trapping_session_05.adj,40,0.07564102564102564,0.16418491669547683
697,voles_begon_site_KCS_trapping_session_06.adj,31,0.09247311827956989,0.1257965727062278
698,voles_begon_site_KCS_trapping_session_07.adj,41,0.06951219512195123,0.12195040113014129
699,voles_begon_site_KCS_trapping_session_08.adj,32,0.07459677419354839,0.20385021318357427
700,voles_begon_site_KCS_trapping_session_09.adj,25,0.08333333333333333,0.14486759634994437
701,voles_begon_site_KCS_trapping_session_10.adj,12,0.22727272727272727,0.12721495387085124
702,voles_begon_site_KCS_trapping_session_11.adj,12,0.18181818181818182,0.09254304354978342
703,voles_begon_site_KCS_trapping_session_12.adj,14,0.18681318681318682,0.08838442852702852
704,voles_begon_site_KCS_trapping_session_13.adj,31,0.09247311827956989,0.13653680404731533
705,voles_begon_site_KCS_trapping_session_14.adj,65,0.046153846153846156,0.25515514651022786
706,voles_begon_site_KCS_trapping_session_15.adj,62,0.04230565838180857,0.3138322301844515
707,voles_begon_site_KCS_trapping_session_16.adj,77,0.03896103896103896,0.22435525864550757
708,voles_begon_site_KCS_trapping_session_17.adj,85,0.03529411764705882,0.35468396911461764
709,voles_begon_site_KCS_trapping_session_18.adj,60,0.04971751412429379,0.37548777129441036
710,voles_begon_site_KCS_trapping_session_19.adj,8,0.2857142857142857,0.10720609940476206
711,voles_begon_site_KCS_trapping_session_20.adj,59,0.046756282875511396,0.2784068116711242
712,voles_begon_site_KCS_trapping_session_21.adj,51,0.05725490196078432,0.24864353929904784
713,voles_begon_site_KCS_trapping_session_22.adj,96,0.030921052631578946,0.3060993509846082
714,voles_begon_site_KCS_trapping_session_23.adj,58,0.05202661826981246,0.3146317177570409
715,voles_begon_site_KCS_trapping_session_24.adj,85,0.034453781512605045,0.2238762428662316
716,voles_begon_site_KCS_trapping_session_29.adj,71,0.0386317907444668,0.33154283053683986
717,voles_begon_site_KCS_trapping_session_30.adj,59,0.04792518994739918,0.33056885675723674
718,voles_begon_site_KCS_trapping_session_31.adj,16,0.14166666666666666,0.20237848458291718
719,voles_begon_site_KCS_trapping_session_32.adj,32,0.06451612903225806,0.1535366979809072
720,voles_begon_site_KCS_trapping_session_33.adj,17,0.11764705882352941,0.149324799262414
721,voles_begon_site_KCS_trapping_session_34.adj,9,0.16666666666666666,0.08229526904761911
722,voles_begon_site_KCS_trapping_session_35.adj,9,0.2777777777777778,0.13928359657848322
723,voles_begon_site_KCS_trapping_session_36.adj,21,0.1,0.17419588849284426
724,voles_begon_site_KCS_trapping_session_37.adj,42,0.06155632984901278,0.19779760669587687
725,voles_begon_site_KCS_trapping_session_38.adj,10,0.2,0.14040029130158743
726,voles_begon_site_KCS_trapping_session_40.adj,8,0.2857142857142857,0.10127455178571439
727,voles_begon_site_KCS_trapping_session_44.adj,12,0.25757575757575757,0.20984651244708996
728,voles_begon_site_KCS_trapping_session_45.adj,11,0.16363636363636364,0.09813685507018252
729,voles_begon_site_KCS_trapping_session_46.adj,40,0.0641025641025641,0.2023526111776813
730,voles_begon_site_KCS_trapping_session_47.adj,58,0.05202661826981246,0.17325287066971204
731,voles_begon_site_KCS_trapping_session_48.adj,75,0.03927927927927928,0.2531336925926707
732,voles_begon_site_KCS_trapping_session_49.adj,74,0.04072565716401333,0.33986201287031964
733,voles_begon_site_KCS_trapping_session_50.adj,46,0.0647342995169082,0.2708088742587965
734,voles_begon_site_KCS_trapping_session_51.adj,37,0.05855855855855856,0.19351445636338077
735,voles_begon_site_KCS_trapping_session_52.adj,12,0.13636363636363635,0.13465147441558442
736,voles_begon_site_KCS_trapping_session_53.adj,16,0.14166666666666666,0.14961498246004007
737,voles_begon_site_KCS_trapping_session_54.adj,8,0.32142857142857145,0.12398057214285721
738,voles_begon_site_KCS_trapping_session_55.adj,40,0.07307692307692308,0.1501740569966455
739,voles_begon_site_KCS_trapping_session_56.adj,16,0.19166666666666668,0.10718229732427306
740,voles_begon_site_KCS_trapping_session_57.adj,22,0.1038961038961039,0.09031984589549619
741,voles_begon_site_KCS_trapping_session_58.adj,20,0.12631578947368421,0.21680355539116986
742,voles_begon_site_KCS_trapping_session_59.adj,34,0.0873440285204991,0.25090181500197684
743,voles_begon_site_KCS_trapping_session_60.adj,55,0.052525252525252523,0.19119431415410187
744,voles_begon_site_KCS_trapping_session_61.adj,52,0.05656108597285068,0.22147023106655658
745,voles_begon_site_KCS_trapping_session_62.adj,22,0.09956709956709957,0.15362837859976292
746,voles_begon_site_KCS_trapping_session_63.adj,17,0.1323529411764706,0.08671091135076377
747,voles_begon_site_KCS_trapping_session_64.adj,23,0.13043478260869565,0.23163538702187858
748,voles_begon_site_PLJ_trapping_session_01.adj,8,0.2857142857142857,0.08663169464285718
749,voles_begon_site_PLJ_trapping_session_02.adj,19,0.09941520467836257,0.15569327730954036
750,voles_begon_site_PLJ_trapping_session_03.adj,28,0.07671957671957672,0.17671699615471398
751,voles_begon_site_PLJ_trapping_session_04.adj,49,0.05612244897959184,0.3113320243119424
752,voles_begon_site_PLJ_trapping_session_05.adj,49,0.06207482993197279,0.26233213909103215
753,voles_begon_site_PLJ_trapping_session_06.adj,32,0.08266129032258064,0.1583660555978209
754,voles_begon_site_PLJ_trapping_session_07.adj,28,0.08465608465608465,0.16811147041035387
755,voles_begon_site_PLJ_trapping_session_08.adj,19,0.10526315789473684,0.1394263148158768
756,voles_begon_site_PLJ_trapping_session_09.adj,30,0.0735632183908046,0.15639145397073365
757,voles_begon_site_PLJ_trapping_session_10.adj,26,0.09230769230769231,0.1694729671720019
758,voles_begon_site_PLJ_trapping_session_11.adj,15,0.18095238095238095,0.10683887801924001
759,voles_begon_site_PLJ_trapping_session_12.adj,5,0.4,-0.043346288000000024
760,voles_begon_site_PLJ_trapping_session_13.adj,16,0.14166666666666666,0.14550438819319578
761,voles_begon_site_PLJ_trapping_session_14.adj,27,0.07977207977207977,0.19498324135646325
762,voles_begon_site_PLJ_trapping_session_15.adj,48,0.05230496453900709,0.17191306257167863
763,voles_begon_site_PLJ_trapping_session_16.adj,32,0.06653225806451613,0.19309437857076422
764,voles_begon_site_PLJ_trapping_session_17.adj,31,0.08387096774193549,0.22804023211141808
765,voles_begon_site_PLJ_trapping_session_18.adj,45,0.06464646464646465,0.2724738207928058
766,voles_begon_site_PLJ_trapping_session_19.adj,6,0.4666666666666667,0.014679885555555642
767,voles_begon_site_PLJ_trapping_session_20.adj,32,0.0846774193548387,0.17247490447889247
768,voles_begon_site_PLJ_trapping_session_21.adj,39,0.07017543859649122,0.225904415922108
769,voles_begon_site_PLJ_trapping_session_22.adj,68,0.04214223002633889,0.2781377094410612
770,voles_begon_site_PLJ_trapping_session_23.adj,84,0.03442340791738382,0.2384923703918885
771,voles_begon_site_PLJ_trapping_session_28.adj,69,0.04390451832907076,0.25941814442865097
772,voles_begon_site_PLJ_trapping_session_29.adj,42,0.0545876887340302,0.25549517552648426
773,voles_begon_site_PLJ_trapping_session_30.adj,22,0.09090909090909091,0.16401315176059253
774,voles_begon_site_PLJ_trapping_session_31.adj,27,0.10541310541310542,0.13853529844742654
775,voles_begon_site_PLJ_trapping_session_32.adj,8,0.35714285714285715,-0.0007932204761903622
776,voles_begon_site_PLJ_trapping_session_34.adj,6,0.3333333333333333,-0.042597651666666514
777,voles_begon_site_PLJ_trapping_session_36.adj,9,0.19444444444444445,0.11298484756613764
778,voles_begon_site_PLJ_trapping_session_37.adj,7,0.3333333333333333,-0.004434812857142756
779,voles_begon_site_PLJ_trapping_session_38.adj,9,0.2222222222222222,0.05735208788359795
780,voles_begon_site_PLJ_trapping_session_39.adj,5,0.6,-0.025599555333333357
781,voles_begon_site_PLJ_trapping_session_44.adj,10,0.2222222222222222,0.07905753947619033
782,voles_begon_site_PLJ_trapping_session_45.adj,42,0.07200929152148665,0.23912297082678266
783,voles_begon_site_PLJ_trapping_session_46.adj,54,0.04682040531097135,0.17681824029785786
784,voles_begon_site_PLJ_trapping_session_47.adj,27,0.07977207977207977,0.13831422226546475
785,voles_begon_site_PLJ_trapping_session_48.adj,47,0.05550416281221091,0.24544845226804207
786,voles_begon_site_PLJ_trapping_session_49.adj,62,0.048651507139079855,0.3247124809123271
787,voles_begon_site_PLJ_trapping_session_50.adj,58,0.034482758620689655,0.2474290527737235
788,voles_begon_site_PLJ_trapping_session_51.adj,15,0.19047619047619047,0.21696925781462986
789,voles_begon_site_PLJ_trapping_session_52.adj,16,0.11666666666666667,0.17165341198246206
790,voles_begon_site_PLJ_trapping_session_53.adj,12,0.16666666666666666,0.1930291271536797
791,voles_begon_site_PLJ_trapping_session_54.adj,16,0.19166666666666668,0.18097686907196964
792,voles_begon_site_PLJ_trapping_session_56.adj,10,0.17777777777777778,0.10971633355555563
793,voles_begon_site_PLJ_trapping_session_57.adj,11,0.16363636363636364,0.11427433375311576
794,voles_begon_site_PLJ_trapping_session_59.adj,72,0.041471048513302036,0.32593514548924113
795,voles_begon_site_PLJ_trapping_session_60.adj,80,0.037658227848101265,0.30085945540366393
796,voles_begon_site_PLJ_trapping_session_61.adj,83,0.03526300323244196,0.3088884504935508
797,voles_begon_site_PLJ_trapping_session_62.adj,38,0.059743954480796585,0.23604024396644638
798,voles_begon_site_PLJ_trapping_session_63.adj,21,0.09047619047619047,0.18643043150790525
799,voles_begon_site_ROB_trapping_session_02.adj,57,0.05325814536340852,0.3289160261753457
800,voles_begon_site_ROB_trapping_session_03.adj,49,0.06207482993197279,0.26655951309958265
801,voles_begon_site_ROB_trapping_session_04.adj,74,0.04072565716401333,0.26776873948568863
802,voles_begon_site_ROB_trapping_session_05.adj,59,0.046756282875511396,0.2951781274808303
803,voles_begon_site_ROB_trapping_session_06.adj,63,0.04608294930875576,0.22765468584055293
804,voles_begon_site_ROB_trapping_session_07.adj,50,0.04816326530612245,0.24835505095476954
805,voles_begon_site_ROB_trapping_session_08.adj,36,0.050793650793650794,0.2082212105818274
806,voles_begon_site_ROB_trapping_session_09.adj,26,0.09230769230769231,0.25938686316963555
807,voles_begon_site_ROB_trapping_session_10.adj,40,0.06794871794871794,0.12309382439939007
808,voles_begon_site_ROB_trapping_session_11.adj,59,0.04792518994739918,0.24733104710122278
809,voles_begon_site_ROB_trapping_session_12.adj,56,0.047402597402597405,0.27121805506079383
810,voles_begon_site_ROB_trapping_session_13.adj,83,0.03614457831325301,0.28596369869545724
811,voles_begon_site_ROB_trapping_session_14.adj,57,0.05012531328320802,0.296702770846174
812,voles_begon_site_ROB_trapping_session_15.adj,24,0.08695652173913043,0.19790987787735817
813,voles_begon_site_ROB_trapping_session_17.adj,62,0.048651507139079855,0.38592628340126983
814,voles_begon_site_ROB_trapping_session_18.adj,49,0.050170068027210885,0.2626034547466522
815,voles_begon_site_ROB_trapping_session_19.adj,42,0.0545876887340302,0.2694351589918034
816,voles_begon_site_ROB_trapping_session_20.adj,48,0.047872340425531915,0.23297691325972805
817,voles_begon_site_ROB_trapping_session_21.adj,78,0.03696303696303696,0.24367845637636756
818,voles_begon_site_ROB_trapping_session_22.adj,92,0.032250358337314856,0.29031909030272396
819,voles_begon_site_ROB_trapping_session_23.adj,90,0.03270911360799001,0.3093473019124491
820,voles_begon_site_ROB_trapping_session_24.adj,84,0.03557085484796328,0.30614935614948047
821,voles_begon_site_ROB_trapping_session_25.adj,63,0.047619047619047616,0.3543628251374694
822,voles_begon_site_ROB_trapping_session_26.adj,41,0.05853658536585366,0.3094330146135467
823,voles_begon_site_ROB_trapping_session_27.adj,64,0.03869047619047619,0.2675182834957468
824,voles_begon_site_ROB_trapping_session_28.adj,71,0.03702213279678068,0.2698773584799342
825,voles_begon_site_ROB_trapping_session_29.adj,62,0.03437334743521946,0.21949270914464591
826,voles_begon_site_ROB_trapping_session_30.adj,38,0.06401137980085349,0.22790386416744995
827,voles_begon_site_ROB_trapping_session_31.adj,25,0.08,0.12318798964089157
828,voles_begon_site_ROB_trapping_session_32.adj,13,0.15384615384615385,0.061304549858005264
829,voles_begon_site_ROB_trapping_session_34.adj,5,0.5,-0.025663939333333375
830,voles_begon_site_ROB_trapping_session_44.adj,15,0.13333333333333333,0.15170738866141278
831,voles_begon_site_ROB_trapping_session_45.adj,57,0.05325814536340852,0.32386681452131333
832,voles_begon_site_ROB_trapping_session_46.adj,63,0.04505888376856119,0.239990318127873
833,voles_begon_site_ROB_trapping_session_47.adj,87,0.03421545041432772,0.2548552990527444
834,voles_begon_site_ROB_trapping_session_48.adj,40,0.05,0.1693783282985009
835,voles_begon_site_ROB_trapping_session_49.adj,79,0.03732554365465758,0.23468635938265983
836,voles_begon_site_ROB_trapping_session_50.adj,82,0.036735922914784704,0.307919469653467
837,voles_begon_site_ROB_trapping_session_51.adj,76,0.03298245614035088,0.3385589445831551
838,voles_begon_site_ROB_trapping_session_52.adj,62,0.044420941300899,0.35427534798759763
839,voles_begon_site_ROB_trapping_session_53.adj,20,0.09473684210526316,0.1682298186275631
840,voles_begon_site_ROB_trapping_session_54.adj,56,0.03506493506493506,0.2277268202319544
841,voles_begon_site_ROB_trapping_session_55.adj,55,0.050505050505050504,0.34049337827598114
842,voles_begon_site_ROB_trapping_session_56.adj,15,0.1523809523809524,0.13132979290280097
843,voles_begon_site_ROB_trapping_session_57.adj,30,0.0735632183908046,0.16352034949282643
844,voles_begon_site_ROB_trapping_session_58.adj,46,0.051207729468599035,0.2554530014890782
845,voles_begon_site_ROB_trapping_session_59.adj,81,0.03179012345679012,0.2889423277619599
846,voles_begon_site_ROB_trapping_session_60.adj,83,0.031148986188657066,0.2896506959071573
847,voles_begon_site_ROB_trapping_session_61.adj,74,0.04035542391706775,0.2747566342954469
848,voles_begon_site_ROB_trapping_session_62.adj,69,0.040068201193520885,0.3200127490988699
849,voles_begon_site_ROB_trapping_session_63.adj,44,0.06448202959830866,0.25718073519210066
850,voles_begon_site_ROB_trapping_session_64.adj,24,0.07971014492753623,0.1303128239142011
851,UNweighted_zebra_interaction.adj,27,0.3162393162393162,0.1965713849611088
852,tortoise_sah_network_BSV_aggregate_year_1996_season_active.adj,74,0.00259163272861903,-6345074682.820943
853,tortoise_sah_network_CS_aggregate_year_2006_season_active.adj,14,0.07692307692307693,0.04324492547095776
854,tortoise_sah_network_CS_aggregate_year_2007_season_active.adj,25,0.11666666666666667,0.10427270175079116
855,tortoise_sah_network_CS_aggregate_year_2008_season_active.adj,24,0.12681159420289856,0.13835028834443386
856,tortoise_sah_network_CS_aggregate_year_2009_season_active.adj,25,0.09,0.1916115243741566
857,tortoise_sah_network_CS_aggregate_year_2010_season_active.adj,28,0.10052910052910052,0.19014438502950023
858,tortoise_sah_network_CS_aggregate_year_2011_season_active.adj,31,0.030107526881720432,0.028442498276484613
859,tortoise_sah_network_CS_aggregate_year_2011_season_inactive.adj,31,0.017204301075268817,0.014077242498759865
860,tortoise_sah_network_CS_aggregate_year_2012_season_active.adj,38,0.02844950213371266,0.0015134529246616578
861,tortoise_sah_network_CS_aggregate_year_2013_season_active.adj,38,0.02275960170697013,0.010016693384826716
862,tortoise_sah_network_CS_aggregate_year_2013_season_inactive.adj,33,0.011363636363636364,0.003355509255515384
863,tortoise_sah_network_CS_aggregate_year_2015_season_active.adj,70,0.004140786749482402,-511803.61433644017
864,tortoise_sah_network_HW_aggregate_year_2009_season_active.adj,21,0.04285714285714286,0.020326206996442633
865,tortoise_sah_network_HW_aggregate_year_2011_season_active.adj,18,0.0392156862745098,-0.0035930246253672395
866,tortoise_sah_network_HW_aggregate_year_2012_season_active.adj,16,0.058333333333333334,0.03152774768079154
867,tortoise_sah_network_LM_aggregate_year_1998_season_active.adj,51,0.06980392156862746,0.1450473273930178
868,tortoise_sah_network_LM_aggregate_year_1998_season_inactive.adj,48,0.00975177304964539,0.0024173334226991372
869,tortoise_sah_network_LM_aggregate_year_1999_season_active.adj,44,0.035940803382663845,0.07256608749640506
870,tortoise_sah_network_MC_aggregate_year_2012_season_active.adj,24,0.09057971014492754,0.14414778239100617
871,tortoise_sah_network_MC_aggregate_year_2013_season_active.adj,21,0.09523809523809523,0.11247676689109755
872,tortoise_sah_network_PV_aggregate_year_2005_season_active.adj,20,0.06842105263157895,0.06287721170755607
873,tortoise_sah_network_PV_aggregate_year_2008_season_active.adj,35,0.018487394957983194,0.01838032443090126
874,tortoise_sah_network_PV_aggregate_year_2009_season_active.adj,17,0.03676470588235294,-0.0027857653272370616
875,tortoise_sah_network_PV_aggregate_year_2010_season_active.adj,20,0.11052631578947368,0.15211421377113662
876,tortoise_sah_network_PV_aggregate_year_2011_season_active.adj,24,0.043478260869565216,0.027610319019961523
877,tortoise_sah_network_PV_aggregate_year_2012_season_active.adj,23,0.10276679841897234,0.10451182623746375
878,tortoise_sah_network_PV_aggregate_year_2013_season_active.adj,23,0.06324110671936758,0.07076525921082458
879,tortoise_sah_network_SG_aggregate_year_1999_season_active.adj,32,0.046370967741935484,0.05560756165161054
880,tortoise_sah_network_SG_aggregate_year_2000_season_active.adj,24,0.021739130434782608,-0.010649956650867556
881,tortoise_sah_network_SL_aggregate_year_2012_season_active.adj,11,0.09090909090909091,0.024518768976780906
882,tortoise_sah_network_SL_aggregate_year_2013_season_active.adj,15,0.12380952380952381,0.0979006043179784
883,weighted_network_social_T_rugosa.adj,60,0.05028248587570622,0.2390688601521537
884,net_Io.adj,30,0.31724137931034485,0.03405368279593134
885,net_Jupiter_HC_noM.adj,40,0.3474358974358974,0.018141027161085354
886,net_Mars.adj,32,0.3245967741935484,0.03197365347330321
887,net_Titan.adj,54,0.20475192173305382,0.038436670030577776
888,net_Titan_Toublanc.adj,69,0.16453537936913895,0.0409929681916273
889,net_Venus.adj,43,0.22591362126245848,0.05264629923545623
890,17NOV_GREECE_19751984.adj,11,0.32727272727272727,0.013662583809523877
891,17NOV_GREECE_19851994.adj,16,0.3333333333333333,0.06335059467414529
892,17NOV_GREECE_19952002.adj,18,0.29411764705882354,0.03686993663943902
893,17NOV_GREECE_1MROWS.adj,10,0.6666666666666666,0.007720578190476157
894,17NOV_GREECE_KINSHIP.adj,10,0.2,0.11239076749206349
895,9_11_HIJACKERS_ASSOCIATES.adj,56,0.048051948051948054,0.18647121911135334
896,9_11_HIJACKERS_PRIORCONTACTS.adj,19,0.14035087719298245,-0.0002095065860248511
897,ALQAEDA9303_OPERATIONS_1.adj,11,0.34545454545454546,0.013291696666666802
898,ALQAEDA9303_OPERATIONS_10.adj,11,0.3090909090909091,0.009146621803751798
899,ALQAEDA9303_OPERATIONS_11.adj,23,0.2608695652173913,0.051306579171592
900,ALQAEDA9303_OPERATIONS_12.adj,8,0.5,-0.0054557727380952215
901,ALQAEDA9303_OPERATIONS_13.adj,17,0.34558823529411764,0.015466583008951932
902,ALQAEDA9303_OPERATIONS_14.adj,19,0.2222222222222222,0.013983945193939336
903,ALQAEDA9303_OPERATIONS_15.adj,14,0.2857142857142857,0.053873115414744176
904,ALQAEDA9303_OPERATIONS_18.adj,12,0.3939393939393939,0.06407751356902362
905,ALQAEDA9303_OPERATIONS_19.adj,9,0.4444444444444444,0.013145945449735475
906,ALQAEDA9303_OPERATIONS_22.adj,16,0.26666666666666666,0.13859234452949845
907,ALQAEDA9303_OPERATIONS_23.adj,8,0.5,-0.005301010833333286
908,ALQAEDA9303_OPERATIONS_25.adj,10,0.6,0.0037450610000000495
909,ALQAEDA9303_OPERATIONS_26.adj,12,0.19696969696969696,-0.03235424215488205
910,ALQAEDA9303_OPERATIONS_28.adj,29,0.2684729064039409,0.11970603524205871
911,ALQAEDA9303_OPERATIONS_3.adj,19,0.4502923976608187,0.02907638552815266
912,ALQAEDA9303_OPERATIONS_4.adj,28,0.2619047619047619,0.21873779081019307
913,ALQAEDA9303_OPERATIONS_5.adj,6,0.6666666666666666,-0.005511641666666678
914,ALQAEDA9303_OPERATIONS_7.adj,12,0.5757575757575758,0.1707331213997115
915,ALQAEDA9303_OPERATIONS_8.adj,12,0.6666666666666666,0.019345298280423345
916,ALQAEDA9303_OPERATIONS_9.adj,8,0.5714285714285714,0.14072665809523824
917,AE_INDO_1990_1994.adj,8,0.25,0.011846443214285726
918,AE_INDO_1995_1999.adj,18,0.0915032679738562,0.05182829991624575
919,AE_INDO_2000.adj,22,0.09523809523809523,0.1225911361102498
920,AE_INDO_2001.adj,23,0.09881422924901186,0.1414367344704865
921,AE_INDO_2002.adj,23,0.1067193675889328,0.046073552677536996
922,AE_INDO_2003.adj,24,0.13405797101449277,0.062430960154535566
923,AE_INDO_2004.adj,27,0.3190883190883191,0.024781800164774253
924,AE_INDO_2005.adj,12,0.3484848484848485,0.019623861148388867
925,AE_INDO_OPERATION_ID.adj,27,0.3190883190883191,0.05442414834759624
926,AE_INDO_TIE_EXTINGUISH.adj,27,0.3190883190883191,0.0564843421005747
927,AE_INDO_TIE_YEAR.adj,27,0.3190883190883191,0.0338082305599409
928,N34_1.adj,34,0.0962566844919786,0.07019668556163844
929,N34_10.adj,28,0.06878306878306878,0.09718166686221512
930,N34_11.adj,54,0.037037037037037035,0.1469421482071476
931,N34_13.adj,16,0.13333333333333333,-0.05096512011800701
932,N34_14.adj,68,0.04170324846356453,0.13765879711314902
933,N34_15.adj,38,0.05689900426742532,0.19974988241677202
934,N34_16.adj,33,0.06439393939393939,0.13298908123976805
935,N34_18.adj,28,0.082010582010582,0.08087990860771523
936,N34_19.adj,31,0.08387096774193549,0.10606994780753075
937,N34_20.adj,29,0.05665024630541872,0.07526049487318952
938,N34_21.adj,38,0.06116642958748222,0.0721296723895774
939,N34_22.adj,40,0.05384615384615385,0.12868078307478426
940,N34_23.adj,53,0.050072568940493466,0.1867625402935921
941,N34_3.adj,26,0.05846153846153846,0.09490400349858828
942,N34_4.adj,23,0.08300395256916997,0.13953629851212998
943,N34_6.adj,24,0.09782608695652174,0.09755912637652309
944,N34_7.adj,44,0.06553911205073996,0.1420555683899194
945,N34_8.adj,65,0.04326923076923077,0.159816745791233
946,N34_9.adj,38,0.06827880512091039,0.21857681474284776
947,BALIBOMBING2002_1985_1989.adj,10,0.3111111111111111,0.09440156460317484
948,BALIBOMBING2002_1990_1994.adj,17,0.3161764705882353,0.12695987924148547
949,BALIBOMBING2002_1995_1999.adj,22,0.3593073593073593,0.1474101383222163
950,BALIBOMBING2002_2000.adj,23,0.383399209486166,0.1447257653337797
951,BALIBOMBING2002_2001.adj,23,0.391304347826087,0.09476026298258042
952,BALIBOMBING2002_2002.adj,27,0.4444444444444444,0.033506742796019715
953,BALIBOMBING2002_2003.adj,13,0.6666666666666666,0.0277185055433456
954,BALIBOMBING2002_2004.adj,6,0.7333333333333333,-0.005035947777777809
955,BALIBOMBING2002_2005.adj,6,0.7333333333333333,-0.006702614444444477
956,BALIBOMBING2002_2006.adj,6,0.6666666666666666,0.0054605805555555205
957,BALIBOMBING2005_1996.adj,11,0.2,0.08597985346189178
958,BALIBOMBING2005_1997.adj,11,0.2,0.06725438448642272
959,BALIBOMBING2005_1998.adj,11,0.23636363636363636,0.061645966788666094
960,BALIBOMBING2005_1999.adj,14,0.16483516483516483,0.08259007821908246
961,BALIBOMBING2005_2000_1.adj,15,0.1523809523809524,0.1101840701070782
962,BALIBOMBING2005_2000_2.adj,15,0.1523809523809524,0.09090838838139643
963,BALIBOMBING2005_2001_1.adj,16,0.14166666666666666,0.06139266137834382
964,BALIBOMBING2005_2001_2.adj,16,0.14166666666666666,0.07766004850510601
965,BALIBOMBING2005_2002_1.adj,19,0.21637426900584794,0.18197423800647974
966,BALIBOMBING2005_2002_2.adj,19,0.2222222222222222,0.19524461539839297
967,BALIBOMBING2005_2003_1.adj,22,0.18614718614718614,0.20444532265826554
968,BALIBOMBING2005_2003_2.adj,23,0.17391304347826086,0.19979870855711607
969,BALIBOMBING2005_2004_1.adj,25,0.16666666666666666,0.19109262155978102
970,BALIBOMBING2005_2004_2.adj,25,0.16666666666666666,0.17467772079685362
971,BALIBOMBING2005_2005_1.adj,27,0.2336182336182336,0.08148068681921139
972,BALIBOMBING2005_2005_2.adj,27,0.2564102564102564,0.07057642864491072
973,CAVIAR1.adj,15,0.1619047619047619,-0.06615165658164054
974,CAVIAR10.adj,38,0.05832147937411095,0.007226573802367404
975,CAVIAR11.adj,35,0.06386554621848739,0.001339873417323567
976,CAVIAR2.adj,21,0.10952380952380952,-0.08117957448754362
977,CAVIAR3.adj,32,0.0907258064516129,-0.0398410261332194
978,CAVIAR4.adj,32,0.08870967741935484,-0.05049430400768415
979,CAVIAR5.adj,25,0.08666666666666667,-0.11522232630792822
980,CAVIAR6.adj,23,0.1225296442687747,-0.026805320772077732
981,CAVIAR7.adj,30,0.08735632183908046,-0.02554643135826944
982,CAVIAR8.adj,33,0.08333333333333333,-0.06186395466344657
983,CAVIAR9.adj,30,0.08735632183908046,-0.049900970372139655
984,CIELNET.adj,22,0.10822510822510822,-0.07350919759077185
985,COCAINE_ACERO.adj,23,0.1383399209486166,-0.019507431360746938
986,COCAINE_JAKE.adj,29,0.08374384236453201,-0.06916680164463936
987,COCAINE_JUANES.adj,49,0.07227891156462585,0.04588989964032187
988,COCAINE_MAMBO.adj,31,0.11612903225806452,0.014588350662188991
989,COCAINE_DEALING.adj,16,0.14166666666666666,-0.04066125692557445
990,CZECH_CORRUPTION.adj,13,0.6410256410256411,0.021651182047952064
991,HAMBURG_1985_1989.adj,6,0.4666666666666667,0.11190210777777794
992,HAMBURG_1990_1994.adj,13,0.1794871794871795,0.15068728533398237
993,HAMBURG_1995.adj,17,0.17647058823529413,0.10178752038557756
994,HAMBURG_1996.adj,22,0.18181818181818182,0.1537242569451132
995,HAMBURG_1997.adj,30,0.15172413793103448,0.0802596224134032
996,HAMBURG_1998.adj,29,0.21674876847290642,0.10324015062489274
997,HAMBURG_1999.adj,28,0.20899470899470898,0.12244549905205489
998,HAMBURG_2000_1.adj,25,0.21666666666666667,0.1200520446611603
999,HAMBURG_2000_2.adj,24,0.20652173913043478,0.0826699477568293
1000,HAMBURG_2001_1.adj,24,0.20652173913043478,0.08587790349672912
1001,HAMBURG_2001_2.adj,23,0.2134387351778656,0.08130668891065528
1002,HAMBURG_2002_1.adj,12,0.16666666666666666,0.13062018655723914
1003,HAMBURG_2002_2.adj,12,0.16666666666666666,0.13324849343554593
1004,HEROIN_DEALING.adj,38,0.11806543385490754,0.008433523865110185
1005,IS_BBC_61_IS_BBC-FRIENDS.adj,20,0.06315789473684211,0.0845029562775899
1006,IS_BBC_61_IS_BBC-LINKS.adj,15,0.14285714285714285,0.034602977484589514
1007,ITALIAN_GANGS.adj,67,0.051560379918588875,0.06008968181342961
1008,JAKARTA_NORDIN_KINSHIP.adj,24,0.11231884057971014,0.14597299046785983
1009,JAKARTA_NORDIN_OPERATION_ID.adj,28,0.09523809523809523,0.15121564268783752
1010,JAKARTA_NORDIN_POST-ATTACK.adj,10,0.15555555555555556,0.022627363634920617
1011,JAKARTA_NORDIN_PRE-ATTACK.adj,28,0.09523809523809523,0.14311742221327237
1012,JI_KOSCHADE.adj,17,0.4632352941176471,0.09421653362049719
1013,LONDON_GANG.adj,54,0.22012578616352202,0.04619706803595137
1014,MADOFF.adj,45,0.04141414141414142,-0.054665504369967505
1015,MALI.adj,36,0.10634920634920635,0.0982920355054648
1016,MONTREALGANG.adj,33,0.14583333333333334,0.10658278499911875
1017,NOORDINTOP_BUSINESS_FINANCE.adj,13,0.19230769230769232,0.21059678628832718
1018,NOORDINTOP_CLASSMATES.adj,39,0.23616734143049933,0.13271315966338554
1019,NOORDINTOP_COMMUNICATIONS.adj,74,0.07404664938911515,0.06683908685701871
1020,NOORDINTOP_FRIENDSHIP.adj,61,0.04972677595628415,0.03040007886495529
1021,NOORDINTOP_KINSHIP.adj,24,0.057971014492753624,0.11501162490291267
1022,NOORDINTOP_LOGISTICS.adj,16,0.24166666666666667,0.0959543873099819
1023,NOORDINTOP_MEETINGS.adj,26,0.19384615384615383,0.03769921484295674
1024,NOORDINTOP_OPERATIONS.adj,39,0.3603238866396761,0.08501689166893907
1025,NOORDINTOP_SOULMATES.adj,9,0.3055555555555556,0.13457385895943558
1026,NOORDINTOP_TRAININGEVENTS.adj,38,0.20910384068278806,0.2531946357381982
1027,PHILBOMB_2000_1985_1989.adj,11,0.34545454545454546,0.03920403432900443
1028,PHILBOMB_2000_1990_1994.adj,14,0.3956043956043956,0.034576162415124616
1029,PHILBOMB_2000_1995_1999.adj,15,0.4666666666666667,0.03891704329315139
1030,PHILBOMB_2000_2000.adj,16,0.575,0.0195056290706516
1031,PHILBOMB_2000_2001.adj,16,0.575,0.022738968647741213
1032,PHILBOMB_2000_2002.adj,14,0.5494505494505495,0.023457978768057393
1033,PHILBOMB_2000_2003.adj,8,0.4642857142857143,0.028978611309523852
1034,60_PERIOD1_ATTT.adj,14,0.23076923076923078,0.0023553508122037825
1035,60_PERIOD2_ATT.adj,13,0.2564102564102564,0.01799908288045301
1036,60_PERIOD3_ATT.adj,15,0.23809523809523808,-0.033605911578125515
1037,60_PERIOD4_5_ATT.adj,17,0.19852941176470587,-0.012597953856339635
1038,60_PERIOD6_ATT.adj,17,0.21323529411764705,0.014578117148603098
1039,60_PERIOD6_NET.adj,83,0.027034969144872172,0.10754108060208548
1040,SAXENA_TERROR_2001.adj,25,0.18666666666666668,0.02169101082562961
1041,SAXENA_TERROR_2002.adj,23,0.16600790513833993,-0.006413896985150747
1042,SAXENA_TERROR_2003.adj,15,0.18095238095238095,-0.04790597342561134
1043,SIREN.adj,44,0.10887949260042283,0.1146891405078701
1044,35_ALLBUSTIES.adj,10,0.2222222222222222,0.1366623013809524
1045,FAMILYTIE_FIG3.adj,11,0.2909090909090909,0.13535061802177636
1046,FULLFAMILY_FIG4.adj,14,0.18681318681318682,0.14260171520860085
1047,BASEBALL_1M.adj,72,0.397887323943662,0.35678064796693465
1048,50_1908_VISIT_AFF.adj,75,0.05981981981981982,0.43441139812166557
1049,50_1909_VISIT_AFF.adj,83,0.02615339406406112,0.11284841517781301
1050,50_1910_VISIT_AFF.adj,86,0.01997264021887825,0.0085426960118167
1051,50_1911_VISIT_AFF.adj,85,0.015126050420168067,-0.07506881619530363
1052,50_1912_VISIT_AFF.adj,78,0.00333000333000333,-587669797008.8842
1053,50_BLATHWAYT_COVISITATION_1M.adj,86,0.09138166894664843,0.1385967872077871
1054,50_BRISTOLBATH_EVENTS1.adj,50,0.1926530612244898,0.09695385919846997
1055,50_BRISTOL_BATH_MILITANTACT.adj,19,0.05263157894736842,0.0059139985596902405
1056,50_BRISTOL_BATH_MILITANTACT_1M.adj,14,0.18681318681318682,0.2057338945372089
1057,50_BRISTOL_BATH_MILITANTACT_1p.adj,14,0.18681318681318682,0.20576639973042843
1058,66_1985_GLOBAL_SUICIDE.adj,8,0.5,0.015895417738095274
1059,66_2001_GLOBAL_SUICIDE.adj,10,0.3111111111111111,0.1598293423809523
1060,66_2002_GLOBAL_SUICIDE.adj,9,0.3055555555555556,0.14564793303350962
1061,66_2003_GLOBAL_SUICIDE.adj,16,0.2,0.044184735002844394
1062,66_2004_GLOBAL_SUICIDE.adj,19,0.2046783625730994,0.1511845946344146
1063,66_2005_GLOBAL_SUICIDE.adj,22,0.16017316017316016,0.16279182537168638
1064,66_2006_GLOBAL_SUICIDE.adj,24,0.13405797101449277,0.16580103196681856
1065,SWINGERS.adj,29,0.11576354679802955,0.006853596778489487
1066,TOGO.adj,34,0.08377896613190731,0.0033574080652878074
1067,DOMESTICTERRORWEB.adj,30,0.09885057471264368,0.051367935326511766
1068,CHRISTMASEVEINDONESIA_1985_1989.adj,12,0.3484848484848485,0.04592559876262633
1069,CHRISTMASEVEINDONESIA_1990_1994.adj,30,0.22528735632183908,0.11181288435616112
1070,CHRISTMASEVEINDONESIA_1995_1999.adj,39,0.1970310391363023,0.08693215856544677
1071,CHRISTMASEVEINDONESIA_2000.adj,45,0.23535353535353534,0.04706052614681628
1072,CHRISTMASEVEINDONESIA_2001.adj,39,0.252361673414305,0.059214784113521705
1073,CHRISTMASEVEINDONESIA_2002.adj,28,0.2698412698412698,0.06473207556816515
1074,CHRISTMASEVEINDONESIA_2003.adj,20,0.24210526315789474,0.09336516477305533
1075,CHRISTMASEVEINDONESIA_2004.adj,6,0.4666666666666667,-0.0020978922222221383
1076,CHRISTMASEVEINDONESIA_2005.adj,7,0.3333333333333333,0.05931008510204098
1077,CHRISTMASEVEINDONESIA_2006.adj,8,0.2857142857142857,0.051212051785714335
1078,CHRISTMASEVEINDONESIA_KINSHIP_0.adj,45,0.23030303030303031,0.05356583373993338
1079,893.adj,14,0.3076923076923077,0.05195717417677594
1080,a.adj,8,0.21428571428571427,0.057983867083333404
1081,913330800.adj,9,0.1388888888888889,0.07586887179894192
1082,915145200.adj,29,0.20935960591133004,0.02486666437271585
1083,916959600.adj,31,0.210752688172043,0.08305256460616302
1084,918774000.adj,31,0.2623655913978495,0.005172537431154967
1085,920588400.adj,31,0.2967741935483871,0.020876803108586025
1086,924217200.adj,31,0.32688172043010755,0.03216485811192511
1087,927846000.adj,31,0.2752688172043011,0.02632484565419572
1088,ant1_1.adj,88,0.03265412748171369,0.07387041991811384
1089,ant1_2.adj,71,0.04024144869215292,0.04097940131084848
1090,ant2_1.adj,70,0.034782608695652174,-0.0048447046128564444
1091,ant2_2.adj,68,0.038630377524143986,0.04527605927638199
1092,ant3_1.adj,11,0.4,0.0179598730880232
1093,ant3_2.adj,6,0.8,-0.004413036666666703
1094,ant4_1.adj,30,0.09195402298850575,0.007421158823413866
1095,ant4_2.adj,29,0.10591133004926108,0.0778757315115764
1096,ants1.adj,29,0.08866995073891626,0.04385157364761881
1097,ants10.adj,24,0.10869565217391304,-0.01856074391234809
1098,ants11.adj,28,0.11904761904761904,-0.01239843930574368
1099,ants12.adj,30,0.09195402298850575,0.015197320721899835
1100,ants13.adj,30,0.0735632183908046,-0.0020707155933063844
1101,ants14.adj,33,0.08712121212121213,-0.0061235743158303685
1102,ants15.adj,30,0.10114942528735632,-0.022331379928305195
1103,ants16.adj,27,0.13675213675213677,-0.0040670202686796456
1104,ants2.adj,24,0.11594202898550725,-0.003230464574254771
1105,ants3.adj,28,0.06613756613756613,-0.04220090764734929
1106,ants4.adj,35,0.08571428571428572,0.04610504557963361
1107,ants5.adj,26,0.07384615384615385,0.008934797033165834
1108,ants6.adj,29,0.054187192118226604,0.10353810206690041
1109,ants7.adj,29,0.10591133004926108,-0.022160323626415387
1110,ants8.adj,36,0.08412698412698413,-0.02005983112887503
1111,ants9.adj,26,0.11076923076923077,0.01395635253125672
1112,baboons.adj,25,0.09333333333333334,0.058483060568810405
1113,bluetooth2.adj,73,0.031582952815829526,0.15679437611687053
1114,call2.adj,74,0.03850425768233987,0.09736849568352392
1115,call_center.adj,51,0.05019607843137255,0.007873440808398054
1116,cp_hospital.adj,72,0.03482003129890454,0.2514771107585862
1117,cp_office.adj,94,0.024708304735758406,0.24295985133140702
1118,diary.adj,48,0.028368794326241134,-0.031381274892606566
1119,gallery12.adj,100,0.025252525252525252,0.2889440212865877
1120,gallery18.adj,98,0.03008626130864717,0.29289366841751874
1121,gallery20.adj,95,0.02732362821948488,0.2158639703613695
1122,gallery30.adj,79,0.0347289840960727,0.35839729615854793
1123,gallery38.adj,89,0.028600612870275793,0.30762498577840947
1124,146.adj,24,0.1956521739130435,0.014915215211925228
1125,147_acct_recip.adj,29,0.29310344827586204,0.02847951576726605
1126,147_reject_any.adj,29,0.2413793103448276,0.05223950763523204
1127,148.adj,18,0.19607843137254902,-0.030359725701273963
1128,151.adj,9,0.3055555555555556,-0.0275786983597883
1129,152.adj,14,0.12087912087912088,-0.01231662642302139
1130,153.adj,33,0.10416666666666667,0.001454705121940428
1131,154.adj,35,0.10756302521008404,0.00725590326567401
1132,155.adj,29,0.10591133004926108,0.016748086103198605
1133,157.adj,33,0.08333333333333333,0.10140912517146464
1134,158.adj,45,0.049494949494949494,0.14413829079969867
1135,159.adj,43,0.05647840531561462,0.17614563618544496
1136,160.adj,32,0.0907258064516129,0.039255485538223084
1137,162.adj,37,0.06156156156156156,0.21061054182438244
1138,163.adj,24,0.11956521739130435,0.052851723143311165
1139,171.adj,11,0.2727272727272727,0.007285336248196303
1140,174.adj,13,0.3333333333333333,0.02410226231990232
1141,265.adj,19,0.1286549707602339,-0.009767278478467128
1142,266.adj,21,0.14761904761904762,0.0054976107250145605
1143,267.adj,23,0.10276679841897234,0.058191599526839166
1144,268.adj,24,0.21014492753623187,0.03848970286378642
1145,269.adj,27,0.27350427350427353,0.010238489968188139
1146,270.adj,25,0.26666666666666666,0.012417950396056416
1147,271.adj,34,0.1265597147950089,0.02895883659539902
1148,272.adj,33,0.15151515151515152,0.024065456073157115
1149,273.adj,28,0.2037037037037037,0.009737730871080525
1150,275.adj,29,0.19950738916256158,0.007792672806025347
1151,276.adj,29,0.1748768472906404,-0.005638024928712488
1152,277.adj,27,0.23076923076923078,0.004610480143016456
1153,278.adj,29,0.19458128078817735,0.024595416865451226
1154,282.adj,8,0.6428571428571429,-0.007414332083333308
1155,304.adj,11,0.34545454545454546,0.014303962178932322
1156,395.adj,31,0.07096774193548387,0.03203948722254059
1157,396.adj,25,0.10666666666666667,-0.06382057101570876
1158,428.adj,14,0.7472527472527473,0.0009298084209441686
1159,518.adj,24,0.20652173913043478,0.025022995924508032
1160,519.adj,20,0.19473684210526315,0.0005588332561357989
1161,521.adj,30,0.17701149425287357,0.044361353281660305
1162,522.adj,28,0.17724867724867724,0.013721875168583076
1163,524.adj,8,0.6785714285714286,-0.002536680416666673
1164,525.adj,8,0.6428571428571429,0.0008356679166666575
1165,636.adj,26,0.2153846153846154,-0.0287578331292546
1166,637.adj,29,0.14532019704433496,0.005684861256448036
1167,bkoff_BKOFFB.adj,40,0.30512820512820515,0.00427080277118333
1168,bktec_BKTECB.adj,34,0.31194295900178254,0.032040010261627436
1169,bott_cooperate.adj,11,0.32727272727272727,-0.015951774054833886
1170,bott_imitate.adj,11,0.5272727272727272,0.015041510476190552
1171,bott_interfere.adj,11,0.8,0.0029428155844155993
1172,bott_talk.adj,11,0.8363636363636363,0.0022710251515151362
1173,bott_watch.adj,11,0.7818181818181819,0.0008568593939393636
1174,comm1.adj,71,0.08853118712273642,0.08472408481499379
1175,eies_NUMBER_OF_MESSAGES.adj,32,0.5362903225806451,0.009931829298486496
1176,eies_TIME_1.adj,32,0.7762096774193549,0.0038488366319444217
1177,eies_TIME_2.adj,32,0.8669354838709677,0.0016244609226190553
1178,ffe_WHO_ARE_YOUR_FRIENDS.adj,28,0.1746031746031746,0.021532411939716976
1179,ffe_WHO_INFLUENCES_YOU.adj,27,0.25071225071225073,0.03724585427596255
1180,ffe_WHO_IS_IN_THE_ELITE.adj,28,0.6613756613756614,0.011689804833076587
1181,fifth_.adj,22,0.3203463203463203,0.06669368262378902
1182,fourth_.adj,24,0.39492753623188404,0.03247096987429242
1183,gandg_greeting.adj,10,0.7555555555555555,0.006699844809523814
1184,gandg_grooming.adj,10,0.8888888888888888,-0.003084069666666667
1185,highschl_TIME_1.adj,72,0.07081377151799687,0.31488922031649136
1186,highschl_TIME_2.adj,72,0.07902973395931143,0.08605150806873058
1187,jpr_.adj,92,0.11395126612517917,0.04450971880630515
1188,kapmine_KAPFMM.adj,14,0.2087912087912088,-0.0071551449799405675
1189,kapmine_KAPFMU.adj,15,0.23809523809523808,-0.012644295416509325
1190,kaptail_KAPFTI1.adj,38,0.10810810810810811,0.049679556386682734
1191,kaptail_KAPFTI2.adj,38,0.13513513513513514,0.07313885626537887
1192,kaptail_KAPFTS1.adj,39,0.21322537112010798,0.027644110744164098
1193,kaptail_KAPFTS2.adj,39,0.300944669365722,0.023696485803029934
1194,krackfr_ACTO#10.adj,20,0.14736842105263157,0.03897707051885886
1195,krackfr_ACTO#18.adj,20,0.07368421052631578,0.022071781347645727
1196,krackfr_ACTOR#1.adj,20,0.18947368421052632,0.0816840582317487
1197,krackfr_ACTOR#11.adj,20,0.2578947368421053,0.03661413921310142
1198,krackfr_ACTOR#12.adj,20,0.09473684210526316,0.019796967506805617
1199,krackfr_ACTOR#13.adj,21,0.11904761904761904,-0.019692447462562206
1200,krackfr_ACTOR#14.adj,20,0.2,0.0787857440944467
1201,krackfr_ACTOR#15.adj,20,0.10526315789473684,0.0938052211465992
1202,krackfr_ACTOR#16.adj,20,0.10526315789473684,0.07547764092882936
1203,krackfr_ACTOR#17.adj,20,0.15789473684210525,0.007451075804110907
1204,krackfr_ACTOR#19.adj,20,0.26842105263157895,0.04022813781684873
1205,krackfr_ACTOR#2.adj,20,0.07368421052631578,-0.025505526082196577
1206,krackfr_ACTOR#20.adj,20,0.042105263157894736,-0.055078867460399625
1207,krackfr_ACTOR#21.adj,20,0.1631578947368421,0.12336124142507968
1208,krackfr_ACTOR#3.adj,20,0.02631578947368421,-0.009183318138904299
1209,krackfr_ACTOR#4.adj,20,0.13157894736842105,0.16717009410450254
1210,krackfr_ACTOR#5.adj,20,0.2578947368421053,0.0906523083925633
1211,krackfr_ACTOR#6.adj,20,0.10526315789473684,0.06947430836742796
1212,krackfr_ACTOR#7.adj,20,0.32105263157894737,0.04329394456188129
1213,krackfr_ACTOR#8.adj,20,0.021052631578947368,-0.009463482090186597
1214,krackfr_ACTOR#9.adj,20,0.021052631578947368,0.015488519391304054
1215,krackht_ADVICE.adj,21,0.6904761904761905,0.0026453574905517937
1216,krackht_FRIENDSHIP.adj,21,0.3761904761904762,0.023564202437570344
1217,krackht_REPORTS_TO.adj,21,0.09523809523809523,-0.06174953837357569
1218,lazega_ADVICE.adj,71,0.2885311871227364,0.014046992601319468
1219,lazega_CO-WORK.adj,71,0.2921529175050302,0.011294305298440792
1220,lazega_FRIENDSHIP.adj,70,0.16521739130434782,0.060343603728985874
1221,ox_kids_.adj,18,0.1830065359477124,0.033875958708760645
1222,padgett_PADGB.adj,15,0.14285714285714285,0.026019255650867677
1223,padgett_PADGM.adj,15,0.19047619047619047,-0.02743218703681495
1224,pony_.adj,17,0.9485294117647058,-0.0006956066666666686
1225,sampson_SAMNPR.adj,17,0.25735294117647056,0.03867770325760017
1226,sampson_SAMPDES.adj,17,0.3602941176470588,0.0055544389971467
1227,sampson_SAMPDLK.adj,17,0.27941176470588236,0.00825516025360263
1228,sampson_SAMPES.adj,18,0.29411764705882354,0.01382396477361425
1229,sampson_SAMPIN.adj,18,0.2679738562091503,0.02845540727237914
1230,sampson_SAMPLK1.adj,18,0.2679738562091503,-0.0090551966843033
1231,sampson_SAMPLK2.adj,18,0.27450980392156865,0.0026514046606480168
1232,sampson_SAMPLK3.adj,18,0.2679738562091503,0.029609256146816174
1233,sampson_SAMPNIN.adj,18,0.28104575163398693,-0.0052051012593034756
1234,sampson_SAMPPR.adj,18,0.20915032679738563,0.06309166476692518
1235,seventh_best_friends.adj,29,0.3103448275862069,0.045158383493706315
1236,seventh_get_on_with.adj,29,0.5911330049261084,0.011837754370763363
1237,seventh_work_with.adj,29,0.37438423645320196,0.05383490899334306
1238,swedish_.adj,15,0.1619047619047619,-0.00039098577096977614
1239,szcid_.adj,15,0.5714285714285714,-0.004336797238095243
1240,third_.adj,22,0.5367965367965368,0.014097457963400279
1241,trade_CRUDE_MATERIALS.adj,24,0.7065217391304348,0.008948232749519025
1242,trade_DIPLOMATIC_EXCHANGE.adj,24,0.7210144927536232,0.004152099285714306
1243,trade_FOODS.adj,24,0.7282608695652174,0.0020604547278184706
1244,trade_MANUFACTURED_GOODS.adj,24,0.7065217391304348,0.008298736412522684
1245,trade_MINERALS.adj,24,0.35144927536231885,0.028073491100295972
1246,ts_.adj,60,0.05310734463276836,0.03252214479718745
1247,wiring_RDCON.adj,13,0.24358974358974358,0.14225459375052296
1248,wiring_RDGAM.adj,13,0.358974358974359,0.12767074922274332
1249,wiring_RDHLP.adj,13,0.28205128205128205,0.021187166877311002
1250,wiring_RDJOB.adj,13,0.08974358974358974,-0.0318218131761402
1251,wiring_RDNEG.adj,13,0.24358974358974358,0.003847942709256796
1252,wiring_RDPOS.adj,13,0.16666666666666666,0.07906313168617711
1253,flagstaff.adj,86,0.08508891928864569,0.09087070156108878
1254,arayawienergraph88.adj,88,0.034482758620689655,0.0477736832400067
1255,balaban_10cage.adj,70,0.043478260869565216,-0.017117229516140777
1256,bidiakis_cube.adj,12,0.2727272727272727,-0.04423646392857137
1257,brinkmanngraph.adj,21,0.2,-0.04564334993271273
1258,chilakamarrimothgraph.adj,47,0.08233117483811286,0.02454220075987116
1259,chvatal.adj,12,0.36363636363636365,-0.04265532230158722
1260,clebschgraph.adj,16,0.3333333333333333,-0.0317660109424603
1261,complete9graphsympletic7cover.adj,63,0.12903225806451613,-0.011681954701740696
1262,contiguoususagraph.adj,49,0.09098639455782313,0.09782632808844097
1263,conwaysmithgraph.adj,63,0.16129032258064516,0.006205322968443368
1264,cremonarichmondconfigurationgraph.adj,15,0.2857142857142857,-0.02999026403270799
1265,cuboctahedrallinegraph.adj,24,0.2608695652173913,0.005981157988400529
1266,decagonmycielskiangraph.adj,21,0.19047619047619047,-0.023156068419125188
1267,deltoidalicositetrahedralgraph.adj,26,0.1476923076923077,-0.019220084362617358
1268,desargues.adj,20,0.15789473684210525,-0.033768508165840656
1269,disdyakisdodecahedralgraph.adj,26,0.22153846153846155,0.01630334622228731
1270,dodecahedral.adj,20,0.15789473684210525,-0.03588662628138526
1271,dorograph.adj,68,0.1791044776119403,-0.004408004271172345
1272,doublestarsnark.adj,30,0.10344827586206896,-0.040676125255457336
1273,doylegraph.adj,27,0.15384615384615385,-0.05009234575651695
1274,duerergraph.adj,12,0.2727272727272727,-0.03004565705026449
1275,dyck.adj,32,0.0967741935483871,-0.037136848194333855
1276,edgeexcisedcoxetergraph.adj,26,0.12,-0.053572086174561766
1277,ellinghamhortongraph78.adj,78,0.03896103896103896,0.06448194469160987
1278,erreragraph.adj,17,0.33088235294117646,-0.0073684821806297394
1279,exooismailescugraph17.adj,17,0.22794117647058823,-0.031192915381024134
1280,exooismailescugraph21core.adj,11,0.32727272727272727,-0.04654917665223661
1281,f26a.adj,26,0.12,-0.05722508264374637
1282,faulkneryoungergraph44.adj,44,0.06976744186046512,0.018875138190938872
1283,flowersnarkj5.adj,20,0.15789473684210525,-0.050153175092051715
1284,folkmangraph.adj,20,0.21052631578947367,-0.022861881377844312
1285,foster.adj,90,0.033707865168539325,-0.01311249417774981
1286,foster050a.adj,50,0.061224489795918366,-0.004373705962048956
1287,foster056a.adj,56,0.05454545454545454,-0.007002128159471028
1288,foster056b.adj,56,0.05454545454545454,-0.01351544054364727
1289,foster056c.adj,56,0.05454545454545454,-0.032430490357885526
1290,foster062a.adj,62,0.04918032786885246,-0.0038334681058288834
1291,foster072a.adj,72,0.04225352112676056,0.0055608040721210495
1292,foster074a.adj,74,0.0410958904109589,0.013580728462536404
1293,foster078a.adj,78,0.03896103896103896,0.01590875077075805
1294,foster080a.adj,80,0.0379746835443038,-0.018287045322179646
1295,foster086a.adj,86,0.03529411764705882,0.011305055735042197
1296,foster096a.adj,96,0.031578947368421054,0.01917327124895626
1297,foster096b.adj,96,0.031578947368421054,0.003909465638792052
1298,foster098a.adj,98,0.030927835051546393,0.025644296557160162
1299,foster098b.adj,98,0.030927835051546393,0.02788834046070373
1300,fostercage.adj,30,0.1724137931034483,-0.03802222282954501
1301,franklingraph.adj,12,0.2727272727272727,-0.05163295863756608
1302,frucht.adj,12,0.2727272727272727,-0.03577052477513221
1303,georgesgraph.adj,50,0.061224489795918366,0.013878200618170619
1304,gewirtzcone.adj,57,0.21052631578947367,-0.008807584226368787
1305,gewirtzgraph.adj,56,0.18181818181818182,-0.016181954382120448
1306,goldbergsnark5.adj,40,0.07692307692307693,-0.014383472054582524
1307,goldbergsnark7.adj,56,0.05454545454545454,0.018866863158591964
1308,goldnerhararygraph.adj,11,0.4909090909090909,0.00902588030303037
1309,golombgraph.adj,10,0.4,-0.020821775238095162
1310,gossetdistance2graph.adj,56,0.4909090909090909,-0.0012506011564625771
1311,gossetgraph.adj,56,0.4909090909090909,0.0011640060617160778
1312,gray.adj,54,0.05660377358490566,-0.021812559412293722
1313,greatrhombicuboctahedralgraph.adj,48,0.06382978723404255,0.024319435665312934
1314,greatrhombicuboctahedrallinegraph.adj,72,0.056338028169014086,0.09609792967349662
1315,grinberggraph42.adj,42,0.07317073170731707,-0.00075535332341213
1316,grinberggraph44.adj,44,0.06976744186046512,0.000748775474385963
1317,grinberggraph46.adj,46,0.06666666666666667,0.008812134791292241
1318,groetzschgraph.adj,11,0.36363636363636365,-0.03100271714285705
1319,hallgraph.adj,65,0.15625,0.0002782726212732456
1320,halljankograph.adj,100,0.36363636363636365,-0.00015014619972248956
1321,halvedfostergraph.adj,45,0.13636363636363635,-0.013530660576631583
1322,harborthgraph.adj,52,0.0784313725490196,0.11383113582603856
1323,harries.adj,70,0.043478260869565216,-0.009229021865810944
1324,harriesgraph.adj,70,0.043478260869565216,-0.016440152354183203
1325,harrieswonggraph.adj,70,0.043478260869565216,-0.01759309123241995
1326,harries_wong.adj,70,0.043478260869565216,-0.018758792981821516
1327,hatzelgraph.adj,57,0.05513784461152882,0.004190192575846932
1328,heawood.adj,14,0.23076923076923078,-0.0554592750381364
1329,heawoodfourcolorgraph.adj,25,0.23,0.031460121541282283
1330,herschelgraph.adj,11,0.32727272727272727,-0.05114477549783545
1331,hexacodegraph.adj,36,0.17142857142857143,-0.022969447433379104
1332,higmansimsgraph.adj,100,0.2222222222222222,-0.0041000878322735475
1333,hochbergodonnellfishgraph.adj,23,0.16600790513833993,-0.0416429806286577
1334,hochbergodonnellstargraph.adj,45,0.08585858585858586,-0.02456121829882317
1335,hoffmangraph.adj,16,0.26666666666666666,-0.037647065366161525
1336,hoffmansingletonbipartitedoublegraph.adj,100,0.0707070707070707,-0.017173977244445516
1337,hoffmansingletoncocliquesgraph.adj,100,0.15151515151515152,-0.004950144468952908
1338,hoffmansingletoncomplementgraph.adj,50,0.8571428571428571,0.00013827673333333124
1339,hoffmansingletongraph.adj,50,0.14285714285714285,-0.01958802249352046
1340,hoffmansingletonminusstargraph.adj,42,0.14634146341463414,-0.027961886364927278
1341,hortongraph92.adj,92,0.03296703296703297,0.0625718876719554
1342,icosahedral.adj,12,0.45454545454545453,-0.003642363492063446
1343,icosahedrallinegraph.adj,30,0.27586206896551724,0.008830669313302378
1344,kittellgraph.adj,23,0.2490118577075099,0.014895915034289428
1345,krackhardt_kite.adj,10,0.4,0.016492510476190658
1346,kummergraph.adj,32,0.1935483870967742,-0.02717608132707459
1347,loupekinessnark1.adj,22,0.14285714285714285,-0.056930010607925796
1348,loupekinessnark2.adj,22,0.14285714285714285,-0.04088028350519767
1349,m22graph.adj,77,0.21052631578947367,-0.004343728566480859
1350,markstroemgraph.adj,24,0.13043478260869565,0.03378297056561865
1351,mcgee.adj,24,0.13043478260869565,-0.03783832176112064
1352,meredithgraph.adj,70,0.057971014492753624,0.1261643952413111
1353,moebius_kantor.adj,16,0.2,-0.05455906286595342
1354,nauru.adj,24,0.13043478260869565,-0.05083120631858528
1355,nonuniquelythreecolorablegraph1.adj,12,0.3333333333333333,-0.028669293611111063
1356,nonuniquelythreecolorablegraph2.adj,12,0.30303030303030304,-0.045081950833333245
1357,octahedral.adj,6,0.8,-0.013163036666666664
1358,octahedrallinegraph.adj,12,0.5454545454545454,-0.009294483055555552
1359,odonnellgraph40.adj,40,0.10256410256410256,-0.02936056792417312
1360,pappus.adj,18,0.17647058823529413,-0.04503276080758745
1361,paschgraph.adj,10,0.26666666666666666,-0.05059162823809521
1362,pentagonalhexecontahedralgraph.adj,92,0.0358337314859054,0.029043707690732615
1363,pentakisdodecahedralgraph.adj,32,0.1814516129032258,0.03041277100852973
1364,perkelgraph.adj,57,0.10714285714285714,-0.02597036040815392
1365,petersen.adj,10,0.3333333333333333,-0.059984798333333256
1366,petersencone.adj,11,0.45454545454545453,-0.01092450606060602
1367,poussingraph.adj,15,0.37142857142857144,0.00043805803174605805
1368,propane.adj,11,0.18181818181818182,-0.07103537805194805
1369,reyelinegraph.adj,28,0.12698412698412698,-0.05422697999212952
1370,rhombictriacontahedralgraph.adj,32,0.12096774193548387,-0.019729524571816405
1371,robertsongraph.adj,19,0.2222222222222222,-0.05750970460311611
1372,rollingcubegraph.adj,24,0.17391304347826086,-0.05418454402279619
1373,schlaeflidoublesixesgraph.adj,42,0.06968641114982578,-0.053447318276434064
1374,schlaefligraph.adj,27,0.6153846153846154,-0.0014629744620811179
1375,sedgewick_maze.adj,8,0.35714285714285715,-0.04672476809523797
1376,shrikhandegraph.adj,16,0.4,-0.011671630198412664
1377,smallest_zero_symmetric.adj,18,0.17647058823529413,-0.06846530511513171
1378,smallrhombicosidodecahedralgraph.adj,60,0.06779661016949153,0.04168102613049285
1379,smallrhombicuboctahedralgraph.adj,24,0.17391304347826086,-0.011599965568055213
1380,snubcubicallinegraph.adj,60,0.13559322033898305,0.05234491235028858
1381,snubdodecahedralgraph.adj,60,0.0847457627118644,0.06893488840010158
1382,sousseliergraph.adj,16,0.225,-0.03940137171599227
1383,starpolyiamondgraph.adj,13,0.3076923076923077,-0.005194647371517288
1384,suetakegraph.adj,72,0.16901408450704225,-0.007962700463494019
1385,sylvestergraph.adj,36,0.14285714285714285,-0.029609147529974098
1386,szekeressnark.adj,50,0.061224489795918366,0.02079489928393163
1387,tetrahedronreplacedpetersenlinegraph.adj,60,0.06779661016949153,0.107112706345219
1388,thomassengraph20.adj,20,0.1736842105263158,-0.05352444326790201
1389,thomassengraph32.adj,32,0.10685483870967742,0.0058389537348414455
1390,thomassengraph34.adj,34,0.09269162210338681,0.013920442260876638
1391,thomassengraph41.adj,41,0.07804878048780488,0.028404596709916186
1392,thomassengraph60.adj,60,0.05593220338983051,0.0431949869380682
1393,thomassengraph94.adj,94,0.03225806451612903,0.048287904746326674
1394,tietzegraph.adj,12,0.2727272727272727,-0.04786609355820099
1395,tilleygraph.adj,12,0.4393939393939394,-0.00910877337301579
1396,triakisicosahedralgraph.adj,32,0.1814516129032258,0.03693505200730654
1397,trianglereplacedcoxetergraph.adj,84,0.03614457831325301,0.11894127360598465
1398,truncateddodecahedralgraph.adj,60,0.05084745762711865,0.10405586738915391
1399,truncateddodecahedrallinegraph.adj,90,0.0449438202247191,0.14633222759751327
1400,truncatedicosahedralgraph.adj,60,0.05084745762711865,0.012944326861906948
1401,truncatedicosahedrallinegraph.adj,90,0.0449438202247191,0.10883404902315547
1402,truncatedprismgraph.adj,18,0.17647058823529413,0.005941465583305629
1403,truncatedtetrahedralgraph.adj,12,0.2727272727272727,-0.015528130595237999
1404,truncatedtetrahedrallinegraph.adj,18,0.23529411764705882,0.022265067751384465
1405,truncated_cubical.adj,24,0.13043478260869565,0.03114201659247622
1406,truncated_dodecahedral.adj,60,0.05084745762711865,0.09792133337776807
1407,truncated_octahedral.adj,24,0.13043478260869565,-0.022843956253548885
1408,tutte.adj,46,0.06666666666666667,0.03911262237048452
1409,tutte_coexter.adj,30,0.10344827586206896,-0.03821475684200578
1410,twooctahedra.adj,12,0.36363636363636365,0.24280746028619515
1411,uniquelythreecolorablegraph.adj,12,0.3333333333333333,-0.044471211600529054
1412,walthergraph.adj,25,0.10333333333333333,-0.014210956359457884
1413,watkinssnark.adj,50,0.061224489795918366,0.03620120947327017
1414,wellsgraph.adj,32,0.16129032258064516,-0.03567963840572245
1415,wienerarayagraph.adj,42,0.07781649245063879,-0.010130249280059855
1416,wonggraph.adj,30,0.1724137931034483,-0.028171988030156508
1417,zamfirescugraph75.adj,75,0.043243243243243246,0.05720954744644087
1418,Attiro.adj,60,0.07231638418079096,0.02570399305552138
1419,Chesapeake.adj,39,0.22941970310391363,0.017233092677589438
1420,ChesLower.adj,37,0.25075075075075076,0.04008651886207283
1421,ChesMiddle.adj,37,0.2972972972972973,0.02031747043316339
1422,ChesUpper.adj,37,0.2987987987987988,0.020390948435424758
1423,CrystalC.adj,24,0.41304347826086957,0.004203509571083966
1424,CrystalD.adj,24,0.3333333333333333,0.006299752513583075
1425,Everglades.adj,69,0.3751065643648764,0.00891665954550936
1426,Flying_teams_neg.adj,48,0.11081560283687943,0.04114570587592655
1427,Flying_teams_pos.adj,48,0.15070921985815602,0.0386234243826974
1428,Maspalomas.adj,24,0.27898550724637683,-0.002158837837818441
1429,Michigan.adj,39,0.28205128205128205,0.012864348055995808
1430,Mondego.adj,46,0.3458937198067633,0.014829949957753063
1431,Narragan.adj,35,0.34285714285714286,0.011100788929578604
1432,Rhode.adj,19,0.2631578947368421,-0.0031159963669663386
1433,StMarks.adj,54,0.2445842068483578,0.01738021366775976
1434,dining_table_partners.adj,26,0.12923076923076923,-0.007250843666970731
1435,galesburg.adj,17,0.19852941176470587,0.028765630608023486
1436,galesburg2_discussion.adj,31,0.14408602150537633,0.030176755852265327
1437,galesburg2_friends.adj,31,0.13548387096774195,0.036354850522734725
1438,hi_tech.adj,36,0.14444444444444443,0.07012766312366711
1439,korea1.adj,38,0.09815078236130868,0.1482879859699176
1440,korea2.adj,38,0.11948790896159317,0.11496503786406347
1441,literature_1976.adj,35,0.13445378151260504,0.03971169167129454
1442,mexican_power.adj,35,0.19663865546218487,0.014959580307061229
1443,modmath.adj,34,0.10873440285204991,0.05226436873363096
1444,sanjuansur.adj,75,0.055855855855855854,0.045083313883301175
1445,sanjuansur_death.adj,75,0.05189189189189189,0.05464884973848818
1446,sawmill.adj,36,0.09841269841269841,0.04182440024842374
1447,strike.adj,24,0.13768115942028986,0.0725760032031323
1448,student_government.adj,11,0.5818181818181818,0.0041540136363636656
1449,a1.adj,31,0.08172043010752689,-0.009622530376214617
1450,a2.adj,55,0.05656565656565657,0.03403735888590106
1451,a3.adj,38,0.07254623044096728,0.03696784645320892
1452,a4.adj,55,0.0531986531986532,0.04116960443215818
1453,b1.adj,35,0.05714285714285714,0.028273620073849922
1454,b2.adj,58,0.049606775559588624,0.03720057499501034
1455,b3.adj,54,0.04472396925227114,0.016765634176448965
1456,b4.adj,84,0.037292025243832475,0.06013613207122625
1457,c1.adj,52,0.05656108597285068,0.029059991918553532
1458,c2.adj,49,0.05102040816326531,-0.006377515756462544
1459,c3.adj,39,0.0728744939271255,0.026682356171428435
1460,c4.adj,91,0.03223443223443224,0.05312439717366852
1461,e1.adj,79,0.03570269393054203,0.09647079577717428
1462,e2.adj,92,0.03153368370759675,0.05489865570463417
1463,e3.adj,65,0.04278846153846154,0.09565945496002279
1464,f1.adj,88,0.030564263322884012,0.06298062518695101
1465,f2.adj,89,0.03089887640449438,0.04894975575031158
1466,g4.adj,37,0.05405405405405406,0.02067148472805891
1467,h1.adj,48,0.03634751773049645,0.09319761587761181
1468,h3.adj,74,0.042206590151795634,0.037692441220022056
1469,i1.adj,35,0.07058823529411765,-0.0028840189397106517
1470,i2.adj,76,0.034035087719298245,0.09894153475909337
1471,i3.adj,38,0.04551920341394026,0.0875637022730575
1472,j1.adj,91,0.02197802197802198,0.07531646044272111
1473,j2.adj,29,0.0812807881773399,-0.037773673831753625
1474,j3.adj,41,0.07195121951219512,0.011367330169126872
1475,j4.adj,60,0.03954802259887006,0.09158188019322809
1476,k1.adj,36,0.10158730158730159,0.021325635201400146
1477,k2.adj,39,0.0620782726045884,0.00902183214759741
1478,k3.adj,41,0.0524390243902439,0.033415678611266424
1479,k4.adj,67,0.03889642695612845,0.10077875475327752
1480,l1.adj,18,0.1111111111111111,-0.03453890848753263
1481,l3.adj,87,0.031542368350708366,0.06425671221630029
1482,l4.adj,21,0.09523809523809523,-0.09352019693553239
1483,m2.adj,29,0.08374384236453201,-0.0028204570040449312
1484,m3.adj,21,0.10476190476190476,-0.0014868212696578945
1485,n1.adj,65,0.04278846153846154,0.042712245764814416
1486,n3.adj,62,0.047593865679534636,0.06251307817290208
1487,n4.adj,56,0.03441558441558441,0.08900485350027111
1488,bangladesh.adj,60,0.03446327683615819,0.028666855843256994
1489,belarus.adj,58,0.04053236539624924,0.0019323205086123226
1490,BULGARIA.adj,85,0.02689075630252101,0.07027056637299255
1491,chile.adj,62,0.033315705975674244,0.1068417716211389
1492,colombia.adj,37,0.05555555555555555,0.038424177847161754
1493,croatia.adj,56,0.03961038961038961,0.038443813908775666
1494,cuba.adj,75,0.03423423423423423,0.12052320744421668
1495,denmark.adj,80,0.029746835443037974,0.10978524292869787
1496,finland.adj,97,0.02298109965635739,0.05013298966874985
1497,ghana.adj,23,0.10276679841897234,-0.013361913947054598
1498,greece.adj,51,0.04,0.0733458374443284
1499,iran.adj,54,0.04472396925227114,0.059735931412571434
1500,iraq.adj,15,0.14285714285714285,-0.025860525678913625
1501,ireland.adj,47,0.04810360777058279,0.03715940301584294
1502,KAZAKHSTAN.adj,61,0.0366120218579235,0.03761755827343613
1503,korea_north.adj,69,0.036231884057971016,0.08392165593652084
1504,korea_south.adj,55,0.04915824915824916,0.05101005796846878
1505,kosovo.adj,75,0.032432432432432434,0.04678123887244387
1506,latvia.adj,30,0.07816091954022988,-0.014411474425057713
1507,lithuania.adj,41,0.054878048780487805,0.0581135407453668
1508,luxembourg.adj,23,0.09486166007905138,-0.01614781725290191
1509,moldova.adj,29,0.07389162561576355,0.03144582989033504
1510,myanmar.adj,43,0.06090808416389812,0.0231736391817049
1511,norway.adj,43,0.04983388704318937,0.030345512785867633
1512,PAKISTAN.adj,78,0.032301032301032304,0.07497432870922498
1513,portugal.adj,73,0.030060882800608826,0.07422857727739768
1514,SERBIA_and_MONTENEGRO.adj,80,0.030379746835443037,0.051103624613597645
1515,slovakia.adj,83,0.031442844548927415,0.08361720455931931
1516,slovenia.adj,45,0.046464646464646465,0.0412304902368718
1517,tunisia.adj,41,0.05975609756097561,0.05162758714101407
1518,turkmenistan.adj,21,0.10952380952380952,-0.025946218075007705
1519,uzbekistan.adj,30,0.06896551724137931,0.0388464695775114
1520,venezuela.adj,27,0.06837606837606838,0.02975215963838464
1521,3x3.adj,9,0.5,-0.01820039814814815
1522,3x3aper.adj,9,0.3333333333333333,-0.04649746074074067
1523,4x4.adj,16,0.26666666666666666,-0.04154840014249633
1524,4x4aper.adj,16,0.2,-0.023902960287975915
1525,5x5.adj,25,0.16666666666666666,-0.02118050959788427
1526,5x5aper.adj,25,0.13333333333333333,-0.012553271012953504
1527,6x6.adj,36,0.11428571428571428,-0.018753250403024502
1528,6x6aper.adj,36,0.09523809523809523,0.020335478361447227
1529,7x7.adj,49,0.08333333333333333,0.006828631596093372
1530,7x7aper.adj,49,0.07142857142857142,0.030662508138864748
1531,8x8.adj,64,0.06349206349206349,0.009138197471289135
1532,8x8aper.adj,64,0.05555555555555555,0.05348368651808627
1533,9x9.adj,81,0.05,0.02759569512153371
1534,9x9aper.adj,81,0.044444444444444446,0.058948422660364146
1535,ash85.adj,85,0.06134453781512605,0.11284847097448744
1536,can_62.adj,62,0.041248016922263354,0.04926121623284864
1537,can_73.adj,73,0.0578386605783866,0.013644686044599848
1538,cat_ears_2_1.adj,85,0.06778711484593837,-0.010093374897502064
1539,ch3-3-b1.adj,18,0.2222222222222222,-0.019629474604716233
1540,ch4-4-b1.adj,72,0.0539906103286385,-0.039492232494325305
1541,dwt_66.adj,66,0.05920745920745921,0.24098246270688997
1542,dwt_72.adj,72,0.029342723004694836,0.05707154707083896
1543,dwt_87.adj,87,0.060678962844159315,0.10413273162934546
1544,d_dyn.adj,87,0.060144346431435444,0.0034226884973859516
1545,GD02_b.adj,80,0.07341772151898734,0.14759412139880135
1546,GD96_c.adj,65,0.06009615384615385,0.09403826194826813
1547,GD97_a.adj,84,0.047619047619047616,0.0190113459656371
1548,GlossGT.adj,67,0.05336951605608322,0.04961975870631914
1549,IG5-6.adj,70,0.10393374741200828,0.020612716151790274
1550,krackhardt_kite.adj,10,0.4,0.03464171682539696
1551,lpi_woodinfe.adj,89,0.035240040858018386,-0.0008566063513961236
1552,lp_kb2.adj,68,0.12906057945566285,0.06285277789813837
1553,lp_sc50a.adj,78,0.051615051615051616,-0.017261497009927344
1554,lp_sc50b.adj,78,0.047619047619047616,-0.01936309824021605
1555,moreno_1st.adj,9,0.3611111111111111,-0.027731980370370377
1556,nos4.adj,100,0.0498989898989899,0.0813016528794916
1557,olm100.adj,100,0.0397979797979798,0.29293415142590623
1558,refine.adj,62,0.06557377049180328,0.04670247735840161
1559,rt-retweet.adj,96,0.025657894736842105,-0.018264878338073928
1560,sedgewick_maze.adj,8,0.35714285714285715,-0.05523964904761894
1561,sphere2.adj,66,0.08951048951048951,0.06216478214367582
1562,tub100.adj,100,0.0298989898989899,0.20996961339595718
1563,145.adj,24,0.13768115942028986,0.16781717998837822
1564,146.adj,24,0.1956521739130435,0.010088748194994784
1565,147_acct_recip.adj,29,0.29310344827586204,0.03186849154251311
1566,147_reject_any.adj,29,0.2413793103448276,0.038793036635623945
1567,148.adj,18,0.19607843137254902,-0.04456970553625383
1568,151.adj,9,0.3055555555555556,-0.036867058148148044
1569,152.adj,14,0.12087912087912088,-0.0121869703647939
1570,153.adj,33,0.10416666666666667,0.007531787408905805
1571,154.adj,35,0.10756302521008404,-0.0024655145310761867
1572,155.adj,29,0.10591133004926108,0.026755445618437484
1573,157.adj,33,0.08333333333333333,0.10640591788360704
1574,158.adj,45,0.049494949494949494,0.14791028401405398
1575,159.adj,43,0.05647840531561462,0.1768837113022795
1576,160.adj,32,0.0907258064516129,0.029230783934483525
1577,161.adj,55,0.04511784511784512,0.02715174199598176
1578,162.adj,37,0.06156156156156156,0.21417281408290215
1579,163.adj,24,0.11956521739130435,0.04649914983532874
1580,171.adj,11,0.2727272727272727,-0.02684453388167389
1581,174.adj,13,0.3333333333333333,0.03801165847929856
1582,265.adj,19,0.1286549707602339,-0.006805998745128512
1583,266.adj,21,0.14761904761904762,-0.0012437267170083792
1584,267.adj,23,0.10276679841897234,0.04997076105196248
1585,268.adj,24,0.21014492753623187,0.03310130232393126
1586,269.adj,27,0.27350427350427353,0.015885353108692588
1587,270.adj,25,0.26666666666666666,0.0060941579552671096
1588,271.adj,34,0.1265597147950089,0.015166364888422993
1589,272.adj,33,0.15151515151515152,0.025504509692827103
1590,273.adj,28,0.2037037037037037,0.007965461462493901
1591,275.adj,29,0.19950738916256158,0.0009278200124091051
1592,276.adj,29,0.1748768472906404,0.016068102598797738
1593,277.adj,27,0.23076923076923078,0.009382679268327603
1594,278.adj,29,0.19458128078817735,0.021435026212160545
1595,282.adj,8,0.6428571428571429,-0.009622665416666676
1596,304.adj,11,0.34545454545454546,-0.006281535656565539
1597,395.adj,31,0.07096774193548387,0.03354928774378253
1598,396.adj,25,0.10666666666666667,-0.05542508552783393
1599,397.adj,56,0.024675324675324677,0.05363408158900941
1600,428.adj,14,0.7472527472527473,0.008027288321995492
1601,518.adj,24,0.20652173913043478,0.03313548764175606
1602,519.adj,20,0.19473684210526315,0.006046757573820188
1603,521.adj,30,0.17701149425287357,0.0320782760026369
1604,522.adj,28,0.17724867724867724,0.016526915550900766
1605,524.adj,8,0.6785714285714286,-0.0006616804166666851
1606,525.adj,8,0.6428571428571429,-0.0011434987500000132
1607,636.adj,26,0.2153846153846154,-0.003787289572232092
1608,637.adj,29,0.14532019704433496,0.016378962994870037
